﻿Team,Full Name,Overall Rating,Position,Age,Speed,Acceleration,Awareness,Agility,Strength,Throw Power,Throw On The Run,Throw Under Pressure,Throw Accuracy Short,Throw Accuracy Mid,Throw Accuracy Deep,Release,Ball Carrier Vision,Stamina,Carrying,Play Action,Pursuit,Play Recognition,Short Route Running,Medium Route Running,Deep Route Running,Catch In Traffic,Catching,Spin Move,Finesse Moves,Spectacular Catch,Jumping,Tackle,Zone Coverage,Man Coverage,Trucking,Juke Move,Break Sack,Toughness,Stiff Arm,Power Moves,Lead Blocking,Run Block Power,Run Blocking,Hit Power,Pass Block Finesse,Pass Block Power,Pass Blocking,Impact Blocking,Kick Return,Kick Accuracy,Break Tackle,Kick Power,Change Of Direction,Press,Block Shedding,Run Block Finesse,Injury,Player Handedness,Jersey Number, Total Salary , Signing Bonus ,Archetype,Running Style,Years Pro,Height,Weight,Birthdate,College
Panthers,Matt Paradis,81,C,30,59,80,84,70,90,22,6,13,6,6,6,12,10,80,22,6,29,20,10,5,5,10,25,10,15,12,66,35,15,13,20,10,12,88,10,20,85,82,83,20,82,80,81,88,10,20,9,20,58,10,40,86,85,Right,61," $16,770,000.00 "," $6,400,000.00 ",C_Agile,Long Stride Awkward,6,75,300,10/12/1989,Boise State
Panthers,Tyler Larsen,64,C,29,65,77,72,54,88,33,5,10,5,5,5,25,10,80,35,5,29,18,20,10,6,20,29,10,10,25,64,35,13,11,19,10,12,79,10,10,74,72,71,25,63,67,65,76,10,36,5,33,46,10,16,68,96,Right,69," $3,430,000.00 "," $1,510,000.00 ",C_Power,Default Stride Awkward,5,76,325,7/8/1991,Utah State
Panthers,Chris Reed,59,C,28,70,81,70,53,85,31,5,10,5,5,5,29,45,82,32,5,45,21,30,20,12,26,37,35,30,25,71,35,11,11,44,39,12,78,40,40,75,61,64,40,64,68,67,79,10,15,25,27,40,10,32,67,84,Right,64," $2,380,000.00 ", $-   ,C_Agile,Default Stride Awkward,5,76,320,7/22/1992,Minnesota State
Panthers,Frederick Mauigoa,54,C,22,63,74,63,58,81,20,6,13,6,6,6,12,10,90,39,6,37,28,10,5,5,10,25,10,10,12,64,25,12,11,20,10,12,85,10,10,79,59,62,20,61,60,61,77,10,21,5,23,50,10,21,64,87,Right,70," $2,290,000.00 ", $-   ,C_Agile,Default Stride Awkward,0,75,310,3/18/1998,Wash. St.
Panthers,Donte Jackson,82,CB,24,96,93,78,95,49,20,6,18,6,6,6,12,69,92,63,6,70,76,15,12,10,60,70,75,34,73,98,48,78,80,17,79,17,67,27,23,13,35,35,59,35,35,35,44,77,13,45,17,93,79,45,35,87,Right,26," $3,240,000.00 "," $1,570,000.00 ",CB_MantoMan,Short Stride Bread Loaf,2,70,180,11/8/1995,LSU
Panthers,Eli Apple,75,CB,25,92,92,75,88,61,27,6,11,6,6,6,27,66,90,63,6,77,73,26,16,11,44,69,64,25,62,85,57,72,75,26,72,10,84,37,24,11,33,15,47,34,33,10,51,65,17,50,18,87,75,49,34,90,Right,34," $2,230,000.00 "," $750,000.00 ",CB_MantoMan,Default Stride Loose,4,73,205,8/9/1995,Ohio State
Panthers,Troy Pride Jr,67,CB,22,92,92,61,91,55,27,6,10,6,6,6,31,61,89,64,6,72,59,38,33,29,46,60,66,31,59,85,52,64,67,28,74,16,85,33,25,15,33,12,49,34,33,10,47,40,17,53,18,90,73,48,34,87,Right,25," $3,412,476.00 "," $770,000.00 ",CB_MantoMan,Default Stride Loose,0,71,193,1/19/1998,Notre Dame
Panthers,T.J. Green,67,CB,25,93,92,61,81,63,26,6,10,6,6,6,22,70,90,63,6,79,59,22,12,10,55,77,64,31,60,85,72,65,62,52,74,27,77,46,25,19,34,17,80,33,34,25,64,81,19,57,20,77,76,55,33,88,Right,24," $820,000.00 ", $-   ,CB_Slot,Default,3,75,215,3/15/1995,Clemson
Panthers,Corn Elder,66,CB,25,90,90,55,88,67,35,6,16,6,6,6,20,73,95,56,6,75,58,23,13,10,63,63,68,42,64,84,63,64,68,34,78,16,79,33,31,10,35,35,66,35,35,35,50,82,25,56,25,86,77,52,35,90,Right,29," $660,000.00 ", $-   ,CB_MantoMan,Short Stride Loose,3,70,183,10/9/1994,Miami
Panthers,Stantley Thomas-Oliver III,61,CB,22,90,90,52,87,59,10,6,13,6,6,6,51,68,88,58,6,72,50,55,53,50,65,70,70,35,68,84,52,58,62,20,74,10,83,51,30,17,35,44,55,35,35,35,50,40,12,60,15,85,70,49,35,89,Right,23," $2,738,175.00 "," $100,000.00 ",CB_MantoMan,Long Stride Loose,0,72,192,6/4/1998,FIU
Panthers,Cole Luke,59,CB,25,86,91,51,88,52,28,6,13,6,6,6,35,55,92,50,6,72,53,47,37,30,55,66,66,43,60,85,59,63,60,44,68,16,79,37,36,12,35,25,52,35,35,25,52,59,19,56,23,83,68,38,35,87,Right,32," $590,000.00 ", $-   ,CB_MantoMan,Default,3,71,196,6/30/1995,Notre Dame
Panthers,Kawann Short,87,DT,31,69,84,87,68,91,16,6,15,6,6,6,15,25,75,40,6,84,88,15,7,3,15,39,15,69,15,71,87,48,30,33,10,12,64,29,88,41,45,45,72,45,45,45,91,10,15,10,15,56,14,91,45,95,Right,99," $58,500,000.00 "," $22,000,000.00 ",DT_RunStopper,Default Stride Awkward,7,75,315,2/2/1989,Purdue
Panthers,Derrick Brown,78,DT,22,70,82,75,70,90,41,36,31,35,30,27,41,53,83,56,25,85,74,42,38,33,42,52,50,61,43,72,85,30,24,60,52,33,95,52,76,42,50,50,84,44,48,48,88,30,14,38,22,57,23,80,46,94,Right,95," $2,000,000.00 "," $21,620,000.00 ",DT_RunStopper,Long Stride Default,0,77,326,4/15/1998,Auburn
Panthers,Zach Kerr,70,DT,30,69,81,68,57,87,10,6,15,6,6,6,12,25,64,44,6,78,70,10,3,2,16,32,15,77,15,71,80,25,20,35,11,12,76,40,60,15,45,45,76,45,45,45,85,10,10,10,11,55,10,74,45,82,Right,92," $2,450,000.00 "," $500,000.00 ",DT_RunStopper,Default Stride Awkward,6,74,334,8/29/1990,Delaware
Panthers,Bravvion Roy,64,DT,23,67,81,58,57,87,21,6,10,6,6,6,15,34,74,42,6,77,60,15,7,3,28,36,27,65,34,75,83,32,26,46,34,12,85,38,70,31,45,45,82,45,45,45,87,15,11,21,16,53,16,63,45,88,Right,93," $2,828,974.00 "," $190,000.00 ",DT_RunStopper,Default Stride Loose,0,73,331,1/1/1997,Baylor
Panthers,Woodrow Hamilton,63,DT,27,62,78,55,58,87,29,5,10,5,5,5,12,22,76,30,5,71,56,10,3,2,10,30,20,53,12,68,79,31,28,55,23,12,82,35,63,32,45,45,83,45,45,45,82,12,21,19,26,51,15,69,45,88,Right,78," $750,000.00 ", $-   ,DT_RunStopper,Long Stride Default,4,75,315,12/20/1992,Ole Miss
Panthers,DaVonte Lambert,60,DT,26,75,82,61,61,80,12,6,10,6,6,6,25,19,83,30,6,72,57,23,16,10,30,32,20,66,30,75,76,38,30,42,29,12,83,37,62,28,45,45,80,45,45,45,78,17,12,17,14,57,23,65,45,87,Right,96," $680,000.00 ", $-   ,DT_SpeedRusher,Long Stride Default,3,74,280,6/23/1994,Auburn
Panthers,Alex Armah Jr,69,FB,26,82,89,61,81,84,28,10,13,20,15,10,64,71,85,76,10,74,54,60,50,42,65,65,62,61,62,83,70,40,30,81,73,12,86,79,73,70,49,58,75,41,44,66,53,40,25,47,25,76,27,69,44,95,Right,40," $2,420,000.00 ", $-   ,FB_Utility,Default Stride Loose,3,74,253,5/17/1994,West Georgia
Panthers,Tre Boston,79,FS,28,87,89,82,86,68,15,6,16,6,6,6,35,68,89,69,6,66,77,25,15,10,68,75,58,53,74,86,74,84,76,55,70,14,76,58,58,18,35,35,88,35,35,35,63,40,13,49,14,80,74,41,35,92,Right,33," $10,000,000.00 "," $8,000,000.00 ",S_Zone,Default Stride Loose,6,73,205,6/25/1992,North Carolina
Panthers,Kenny Robinson Jr,66,FS,21,87,89,66,86,57,46,38,35,33,28,30,23,70,88,60,22,77,62,30,26,20,54,69,62,51,68,88,62,68,63,40,70,45,85,41,46,16,35,35,83,35,35,35,61,37,15,46,11,85,60,55,35,90,Left,27," $2,967,203.00 "," $330,000.00 ",S_Zone,Long Stride Loose,0,74,200,1/8/1999,West Virginia
Panthers,Christian McCaffrey,99,HB,24,92,93,97,97,72,44,43,17,41,37,30,74,96,98,98,25,44,28,83,75,67,76,82,92,10,77,90,36,17,12,54,96,24,96,77,10,47,22,38,27,32,36,69,45,88,23,83,29,96,15,32,22,96,Right,22," $45,840,000.00 "," $32,190,000.00 ",HB_ReceivingBack,Short Stride Default,3,71,205,6/7/1996,Stanford
Panthers,Mike Davis,75,HB,27,88,91,74,85,69,25,10,14,30,25,15,56,81,83,87,10,30,11,51,44,36,62,69,85,10,50,83,29,15,10,81,83,18,80,77,9,42,34,45,17,29,33,54,40,40,20,77,21,84,15,10,37,79,Right,28," $3,500,000.00 "," $500,000.00 ",HB_ElusiveBack,Default,5,69,221,2/19/1993,South Carolina
Panthers,Jordan Scarlett,64,HB,24,90,90,65,81,76,26,16,11,21,15,10,41,73,81,89,13,33,21,51,47,40,49,58,72,10,45,74,27,16,12,75,77,22,88,69,10,35,27,32,29,25,33,50,41,60,11,75,17,75,15,23,22,91,Right,20," $2,540,000.00 "," $290,000.00 ",HB_ElusiveBack,Default,1,71,210,2/10/1996,Florida
Panthers,Reggie Bonnafon,63,HB,24,88,86,68,85,68,69,61,57,54,49,50,58,72,81,82,48,32,21,63,56,51,62,68,73,13,62,86,24,25,18,58,76,44,78,61,10,31,22,36,22,29,23,52,38,78,16,68,20,85,15,27,27,88,Right,39," $590,000.00 ", $-   ,HB_ElusiveBack,Default,2,72,215,11/29/1995,Louisville
Panthers,Graham Gano,79,K,33,75,77,63,64,63,26,20,17,35,30,25,12,10,80,35,20,15,10,10,10,10,10,35,10,10,12,36,34,12,12,10,10,14,60,36,10,12,12,12,12,17,17,17,12,10,84,5,99,55,10,13,12,89,Right,9," $10,650,000.00 "," $6,360,000.00 ",KP_Power,Default Stride Awkward,11,74,205,4/9/1987,Florida State
Panthers,Joey Slye,73,K,24,68,82,55,67,67,29,11,16,31,30,24,12,16,85,40,10,29,10,10,10,10,10,35,25,10,12,61,31,12,12,15,21,15,58,11,10,10,10,19,11,10,10,16,10,10,76,15,98,51,10,24,10,89,Right,4," $590,000.00 ", $-   ,KP_Power,Default Stride Awkward,1,70,213,4/10/1996,Virginia Tech
Panthers,Stephen Weatherly,69,LE,26,82,86,68,78,78,20,6,10,6,6,6,29,47,79,42,6,77,71,15,8,4,20,32,33,72,25,80,77,44,37,35,41,12,83,42,59,18,45,44,79,45,45,44,78,10,20,32,20,65,40,58,45,88,Right,91," $6,450,000.00 "," $6,050,000.00 ",DE_SmallerSpeedRusher,Default Stride Loose,4,77,265,3/19/1994,Vanderbilt
Panthers,Marquis Haynes,68,LE,26,82,86,63,79,76,26,6,15,6,6,6,12,28,81,43,6,79,61,10,8,5,26,41,26,72,23,78,76,47,39,34,32,12,88,34,57,18,45,45,85,45,45,45,87,10,13,20,17,68,38,64,45,91,Right,98," $2,460,000.00 "," $440,000.00 ",DE_SmallerSpeedRusher,Default,2,74,235,12/16/1993,Ole Miss
Panthers,Efe Obada,66,LE,28,84,88,56,78,75,10,6,14,6,6,6,12,21,76,32,6,77,53,10,8,4,35,47,29,70,39,80,76,30,24,28,36,12,89,31,62,14,45,45,76,45,45,45,78,10,12,13,17,64,21,64,45,87,Right,94," $1,230,000.00 ", $-   ,DE_SmallerSpeedRusher,Long Stride Loose,2,78,265,4/13/1992,No College
Panthers,Dennis Daley,66,LG,24,65,77,76,59,82,33,6,3,6,6,6,15,10,80,40,6,31,32,15,5,5,15,27,10,24,15,67,41,12,12,25,10,12,83,10,23,79,70,68,26,68,71,70,77,10,11,5,21,50,10,33,67,86,Right,65," $2,540,000.00 "," $120,000.00 ",G_Power,Default Stride Awkward,1,78,323,8/7/1996,South Carolina
Panthers,Tahir Whitehead,76,LOLB,30,82,86,80,80,71,25,6,12,6,6,6,23,40,89,60,6,84,83,15,8,5,24,64,35,51,20,87,84,58,49,43,45,12,67,29,58,22,45,45,83,45,45,45,82,10,20,17,20,72,60,76,45,95,Right,52," $1,050,000.00 "," $1,450,000.00 ",OLB_RunStopper,Default Stride Loose,8,73,241,4/2/1990,Temple
Panthers,Russell Okung,76,LT,31,62,76,85,60,88,26,6,11,6,6,6,15,10,88,40,6,25,10,15,5,5,15,20,10,10,15,73,28,12,12,10,10,12,88,10,10,82,74,78,20,82,78,82,81,14,12,15,23,49,10,24,79,80,Right,76," $43,000,000.00 "," $7,500,000.00 ",OT_Agile,Default Stride Awkward,10,77,310,10/7/1988,Oklahoma St.
Panthers,Greg Little,69,LT,22,61,78,82,62,86,21,6,13,6,6,6,18,14,85,27,6,33,26,23,13,7,26,32,14,26,22,72,29,17,11,27,18,12,88,26,33,81,69,71,42,74,71,73,78,8,28,8,19,53,12,38,73,89,Right,74," $3,630,000.00 "," $4,000,000.00 ",OT_Agile,Default Stride Awkward,1,77,310,11/4/1997,Ole Miss
Panthers,Juwann Bushell-Beatty,56,LT,24,61,76,56,52,84,9,6,13,6,6,6,12,10,80,30,6,21,10,10,5,5,10,30,10,10,12,65,34,12,12,10,10,12,78,10,10,74,65,64,20,60,63,62,81,10,20,10,22,50,10,34,61,84,Right,73," $610,000.00 ", $-   ,OT_Power,Long Stride Awkward,0,77,330,6/18/1996,Michigan
Panthers,Shaq Thompson,76,MLB,26,85,86,78,86,74,25,6,18,6,6,6,35,78,95,72,6,87,80,33,23,15,67,76,76,62,43,83,84,60,52,71,82,17,78,70,53,25,45,45,83,45,45,45,85,10,20,58,20,79,63,80,45,93,Right,54," $37,140,000.00 "," $26,530,000.00 ",MLB_RunStopper,Default,5,72,230,4/21/1994,Washington
Panthers,Andre Smith,62,MLB,23,84,89,56,73,72,30,6,12,6,6,6,20,45,89,51,6,80,59,10,6,5,40,59,29,55,35,79,82,58,45,46,34,12,81,37,56,19,45,45,84,45,45,45,77,10,12,31,16,73,46,69,45,86,Right,57," $2,460,000.00 "," $80,000.00 ",MLB_RunStopper,Default Stride Loose,2,72,240,4/20/1997,North Carolina
Panthers,Chris Orr,57,MLB,23,80,83,59,79,68,25,6,15,6,6,6,15,39,88,47,6,76,62,29,19,11,41,57,33,64,46,87,77,57,51,33,35,12,84,40,54,21,45,27,84,45,45,20,70,10,29,17,22,69,46,64,45,86,Right,48," $2,280,000.00 "," $10,000.00 ",MLB_RunStopper,Default Stride Loose,0,72,225,6/17/1997,Wisconsin
Panthers,Michael Palardy,77,P,28,80,85,62,58,49,34,20,14,30,22,21,12,40,89,20,20,24,28,10,10,10,10,22,21,10,12,49,29,15,12,13,30,17,60,29,10,18,19,19,17,13,15,14,18,10,88,10,92,50,10,27,19,81,Left,2," $5,850,000.00 "," $2,400,000.00 ",KP_Power,Default Stride Loose,5,71,200,7/6/1992,Tennessee
Panthers,Teddy Bridgewater,75,QB,27,82,86,78,86,53,84,85,84,89,82,81,37,78,81,68,76,20,15,32,22,12,40,55,74,10,34,78,29,20,15,34,73,87,94,48,10,20,30,15,12,15,25,15,30,10,25,74,25,82,10,25,20,87,Right,5," $30,000,000.00 "," $33,000,000.00 ",QB_Improviser,Default,6,74,215,11/10/1992,Louisville
Panthers,Will Grier,63,QB,25,78,85,57,81,59,86,79,76,81,74,76,12,72,75,59,76,26,18,15,14,12,15,29,62,10,18,82,21,16,13,31,64,73,90,30,10,10,18,17,13,12,12,13,17,10,45,52,56,80,10,19,15,89,Right,7," $3,040,000.00 "," $810,000.00 ",QB_Scrambler,Default,1,74,220,4/3/1995,West Virginia
Panthers,P.J. Walker,59,QB,25,82,88,63,85,61,86,77,69,73,67,68,19,76,72,57,69,28,20,18,17,15,20,29,67,9,20,73,24,18,12,39,76,73,85,34,9,10,10,16,11,18,14,17,19,20,20,62,21,81,9,21,11,88,Right,6," $1,420,000.00 "," $150,000.00 ",QB_Scrambler,Short Stride Loose,2,71,210,2/26/1995,Temple
Panthers,Brian Burns,79,RE,22,88,91,76,86,76,24,6,10,6,6,6,17,33,79,41,6,84,72,15,10,5,28,48,39,84,34,86,75,43,33,28,42,12,86,32,70,13,45,45,79,45,45,45,75,10,17,21,15,72,17,67,45,92,Right,53," $2,000,000.00 "," $11,530,000.00 ",DE_SmallerSpeedRusher,Long Stride Default,1,77,249,4/23/1998,Florida State
Panthers,Yetur Gross-Matos,74,RE,22,84,87,72,80,81,18,6,15,6,6,6,14,27,77,30,6,82,72,10,7,5,16,31,24,66,16,82,82,32,27,32,30,11,87,28,74,13,45,45,82,45,45,45,77,10,14,14,19,70,16,74,45,89,Right,97," $8,198,798.00 "," $3,520,000.00 ",DE_PowerRusher,Long Stride Loose,0,77,266,2/26/1998,Penn State
Panthers,Chris Smith,66,RE,28,81,88,63,70,82,24,6,10,6,6,6,12,49,77,59,6,76,66,10,3,2,39,48,65,55,35,88,79,49,43,55,46,12,68,43,66,18,45,45,73,45,45,45,77,10,17,25,15,63,24,59,45,93,Right,50," $750,000.00 "," $90,000.00 ",DE_PowerRusher,Long Stride Awkward,6,73,266,2/11/1992,Arkansas
Panthers,Christian Miller,65,RE,24,77,86,65,71,71,21,6,11,6,6,6,12,31,75,38,6,80,67,12,5,5,22,34,18,69,21,88,76,56,46,24,23,12,78,26,60,18,45,45,78,45,45,45,78,10,11,19,17,68,30,68,45,86,Right,55," $2,540,000.00 "," $720,000.00 ",DE_SmallerSpeedRusher,Long Stride Loose,1,75,244,6/22/1996,Alabama
Panthers,Michael Schofield III,68,RG,29,70,82,74,63,85,17,6,10,6,6,6,32,15,85,29,6,31,10,30,20,12,25,45,10,10,25,65,35,12,12,15,10,12,61,10,10,74,70,73,15,71,73,73,76,10,21,5,20,56,10,25,75,94,Right,75," $1,000,000.00 "," $500,000.00 ",G_Agile,Default Stride Awkward,5,78,301,11/15/1990,Michigan
Panthers,John Miller,67,RG,27,64,79,74,57,86,15,6,15,6,6,6,15,10,78,39,6,33,15,15,5,5,15,32,10,30,15,78,42,14,12,25,10,12,86,10,30,66,65,67,24,73,75,74,81,10,15,8,11,54,10,42,68,85,Right,67," $1,970,000.00 "," $2,000,000.00 ",G_PassProtector,Default Stride Awkward,5,75,315,8/12/1993,Louisville
Panthers,Jermaine Carter Jr,69,ROLB,25,83,85,57,77,75,30,6,12,6,6,6,20,33,85,53,6,82,59,10,6,5,30,50,30,55,26,83,79,66,61,38,36,12,86,36,58,19,45,45,87,45,45,45,72,10,11,15,16,73,54,71,45,90,Right,56," $2,460,000.00 "," $280,000.00 ",OLB_RunStopper,Default,2,72,225,1/14/1995,Maryland
Panthers,Jordan Kunaszyk,66,ROLB,23,81,85,62,77,71,26,6,10,6,6,6,12,33,84,50,6,79,60,18,9,5,25,62,23,57,23,80,81,60,52,38,30,12,86,46,51,16,45,45,78,45,45,45,76,10,12,22,16,72,44,69,45,88,Right,43," $1,750,000.00 "," $10,000.00 ",OLB_RunStopper,Default,1,75,235,10/15/1996,California
Panthers,Taylor Moton,80,RT,26,66,77,88,65,87,20,12,7,18,13,6,12,23,84,23,6,28,10,13,5,5,15,28,10,10,29,75,31,12,12,29,15,12,96,14,10,78,79,83,36,84,80,83,80,10,21,10,22,57,10,34,85,97,Right,72," $2,990,000.00 "," $1,160,000.00 ",OT_Agile,Default Stride Awkward,3,77,325,8/18/1994,W. Michigan
Panthers,Tyler Marz,61,RT,27,56,73,72,52,80,18,6,10,6,6,6,47,14,80,22,6,31,10,23,13,7,26,28,10,10,24,69,30,12,12,24,13,12,78,10,10,77,67,61,38,68,73,69,76,10,22,8,20,43,10,25,59,82,Right,68," $660,000.00 ", $-   ,OT_Power,Default Stride Awkward,4,79,316,9/9/1992,Wisconsin
Panthers,Branden Bowen,54,RT,23,63,76,50,57,83,22,6,14,6,6,6,14,10,83,40,6,24,15,16,12,10,21,30,10,10,25,64,38,20,15,25,10,12,90,15,10,74,63,62,20,60,64,63,79,10,12,5,17,50,10,25,61,82,Right,60," $2,290,000.00 ", $-   ,OT_Power,Long Stride Awkward,0,79,315,9/12/1996,Ohio State
Panthers,Jeremy Chinn,70,SS,22,89,91,67,87,70,23,6,18,6,6,6,20,62,90,68,6,80,65,30,22,10,55,69,56,50,62,92,67,65,69,48,70,15,91,43,42,20,35,35,80,35,35,35,59,48,11,43,14,86,73,58,35,84,Right,21," $5,241,471.00 "," $1,370,000.00 ",S_Hybrid,Long Stride Default,0,75,221,2/26/1998,S. Illinois
Panthers,Juston Burris,64,SS,27,87,89,72,81,72,27,6,13,6,6,6,27,62,90,63,6,66,70,26,16,11,41,63,58,28,60,87,59,63,58,26,69,10,88,27,24,15,33,17,53,34,33,10,45,56,17,47,18,80,76,43,34,90,Right,31," $5,810,000.00 "," $2,100,000.00 ",S_Hybrid,Default Stride Bread Loaf,4,72,212,8/4/1993,N.C. State
Panthers,Natrell Jamerson,64,SS,24,92,92,49,81,73,26,6,12,6,6,6,25,71,86,66,6,75,58,33,26,16,53,63,65,39,60,85,70,67,64,33,73,14,78,45,26,12,35,35,82,35,35,35,64,75,11,49,19,82,63,51,35,88,Right,30," $2,100,000.00 ", $-   ,S_RunSupport,Default Stride Loose,2,71,201,12/15/1995,Wisconsin
Panthers,Quin Blanding,57,SS,24,85,91,50,85,58,35,10,23,10,10,10,12,64,91,60,10,72,48,15,13,10,44,60,67,42,61,77,62,66,59,31,70,10,80,35,35,23,35,35,61,35,35,35,57,10,12,47,17,78,63,52,35,89,Right,37," $510,000.00 ", $-   ,S_Zone,Default,3,74,207,5/1/1996,Virginia
Panthers,Ian Thomas,70,TE,24,83,90,72,80,69,31,14,13,27,22,19,65,67,83,74,6,31,15,71,67,60,76,78,56,20,75,86,31,14,12,68,77,18,85,72,20,47,50,53,15,60,57,62,67,6,12,65,18,77,10,27,54,84,Right,80," $2,460,000.00 "," $760,000.00 ",TE_VerticalThreat,Long Stride Loose,2,75,260,6/6/1996,Indiana
Panthers,Chris Manhertz,70,TE,28,78,83,81,81,75,30,6,10,6,6,6,62,61,85,65,6,37,22,53,48,43,72,74,69,17,70,84,33,21,14,63,66,19,79,66,17,70,71,71,27,60,65,66,62,18,19,59,21,73,17,29,66,86,Right,82," $1,980,000.00 "," $320,000.00 ",TE_Blocking,Long Stride Default,5,78,255,4/10/1992,Canisius
Panthers,Temarrick Hemingway,56,TE,27,81,86,48,83,73,26,10,10,15,10,9,63,69,79,72,10,36,22,57,53,49,68,72,58,17,76,80,31,21,14,70,67,11,87,60,17,44,51,55,27,54,56,56,59,18,19,63,21,74,17,29,54,89,Right,84," $660,000.00 ", $-   ,TE_VerticalThreat,Default Stride Loose,4,77,245,7/30/1993,S.C. State
Panthers,J.J. Jansen,38,TE,34,63,70,77,66,71,37,6,16,6,6,6,40,20,74,62,6,61,25,45,40,35,51,60,10,10,44,42,52,12,14,24,10,10,76,10,10,54,50,54,50,40,50,56,69,10,21,20,15,59,10,42,42,92,Right,44," $4,790,000.00 "," $700,000.00 ",TE_Blocking,Default,13,74,235,1/20/1986,Notre Dame
Panthers,D.J. Moore,85,WR,23,93,93,92,93,66,43,23,22,33,27,20,79,89,88,73,15,36,22,84,85,83,85,91,81,10,88,94,30,24,18,70,94,23,92,81,10,20,30,55,18,25,22,30,41,80,13,84,18,90,29,22,24,93,Right,12," $4,970,000.00 "," $6,200,000.00 ",WR_DeepThreat,Short Stride Loose,2,71,215,4/14/1997,Maryland
Panthers,Robby Anderson,84,WR,27,94,90,87,84,59,29,10,20,15,10,6,84,83,85,75,6,38,25,83,85,87,83,91,77,10,88,86,21,25,20,46,84,22,81,59,10,23,37,43,12,22,24,35,43,65,11,76,11,85,10,26,31,85,Right,11," $8,500,000.00 "," $11,500,000.00 ",WR_DeepThreat,Long Stride Default,4,75,190,5/9/1993,Temple
Panthers,Curtis Samuel,80,WR,24,95,93,84,92,64,27,10,23,15,10,6,78,85,84,74,6,32,28,82,82,79,82,84,76,18,83,88,26,28,20,40,86,22,74,48,12,23,23,43,24,30,30,38,43,75,15,80,25,87,23,24,16,90,Right,10," $3,380,000.00 "," $3,080,000.00 ",WR_DeepThreat,Default,3,71,196,8/11/1996,Ohio State
Panthers,Seth Roberts,75,WR,29,89,91,80,90,56,30,10,23,15,10,6,71,76,81,75,6,29,20,80,80,77,82,83,75,10,85,82,32,30,15,43,80,22,78,47,10,25,39,55,12,15,20,37,45,70,20,72,20,78,10,35,32,90,Right,15," $3,150,000.00 "," $600,000.00 ",WR_Slot,Default Stride Loose,6,74,195,2/22/1991,West Alabama
Panthers,Keith Kirkwood,68,WR,25,91,87,71,85,62,22,10,16,15,10,6,68,73,81,73,6,50,39,74,70,73,78,81,68,32,81,84,53,47,42,44,75,22,82,48,37,23,31,46,44,22,24,37,48,62,11,72,11,74,36,50,26,87,Right,19," $750,000.00 "," $50,000.00 ",WR_DeepThreat,Default Stride Loose,2,75,210,12/26/1994,Temple
Panthers,Pharoh Cooper,66,WR,25,87,89,73,87,66,36,24,17,29,27,22,64,81,81,67,18,37,21,69,68,71,71,80,78,11,75,82,26,24,16,27,79,22,76,36,11,25,26,48,15,19,21,38,45,81,22,70,23,82,16,39,21,88,Right,14," $910,000.00 "," $300,000.00 ",WR_DeepThreat,Short Stride Loose,4,71,210,3/7/1995,South Carolina
Panthers,Brandon Zylstra,63,WR,27,85,86,62,78,66,29,12,19,15,10,6,70,73,76,69,10,41,18,69,70,68,78,79,72,10,81,82,39,25,12,52,78,22,82,64,10,36,31,49,22,37,39,27,47,45,13,71,14,72,10,40,25,86,Right,16," $1,710,000.00 ", $-   ,WR_Physical,Long Stride Loose,2,74,215,3/25/1993,Concordia
Panthers,DeAndrew White,63,WR,28,90,91,59,85,55,34,10,17,15,10,6,52,81,80,68,6,34,24,74,70,65,68,79,84,10,69,85,25,25,18,33,87,26,72,40,10,24,20,38,15,19,20,32,44,75,20,74,21,87,10,25,11,68,Right,18," $830,000.00 ", $-   ,WR_Slot,Default,3,72,195,10/16/1991,Alabama
Panthers,Omar Bayless,62,WR,23,86,88,52,81,59,30,17,21,22,18,12,65,76,85,69,6,35,26,70,69,72,76,80,70,10,82,86,30,21,16,57,75,22,83,54,10,35,30,52,15,17,20,42,46,45,30,72,25,79,25,31,25,88,Right,17," $2,190,000.00 "," $100,000.00 ",WR_DeepThreat,Default Stride Loose,0,73,210,12/15/1996,Arkansas St.
Panthers,Ishmael Hyman,60,WR,25,91,89,58,80,46,21,10,21,15,10,6,59,75,80,70,6,32,18,66,64,65,75,78,71,10,77,75,27,24,15,35,75,19,76,44,10,19,26,34,15,20,19,26,39,55,15,69,20,79,10,23,20,87,Right,13," $510,000.00 ", $-   ,WR_Slot,Short Stride Default,2,72,196,8/23/1995,J. Madison

