﻿Team,Full Name,Overall Rating,Position,Age,Speed,Acceleration,Awareness,Agility,Strength,Throw Power,Throw On The Run,Throw Under Pressure,Throw Accuracy Short,Throw Accuracy Mid,Throw Accuracy Deep,Release,Ball Carrier Vision,Stamina,Carrying,Play Action,Pursuit,Play Recognition,Short Route Running,Medium Route Running,Deep Route Running,Catch In Traffic,Catching,Spin Move,Finesse Moves,Spectacular Catch,Jumping,Tackle,Zone Coverage,Man Coverage,Trucking,Juke Move,Break Sack,Toughness,Stiff Arm,Power Moves,Lead Blocking,Run Block Power,Run Blocking,Hit Power,Pass Block Finesse,Pass Block Power,Pass Blocking,Impact Blocking,Kick Return,Kick Accuracy,Break Tackle,Kick Power,Change Of Direction,Press,Block Shedding,Run Block Finesse,Injury,Player Handedness,Jersey Number, Total Salary , Signing Bonus ,Archetype,Running Style,Years Pro,Height,Weight,Birthdate,College
Browns,J.C. Tretter,79,C,29,68,79,86,69,89,41,12,15,34,28,23,55,39,88,65,12,21,10,32,22,14,64,60,45,23,62,78,32,12,12,44,35,17,85,52,24,79,80,81,12,83,80,81,81,10,18,15,19,55,10,22,83,85,Right,64," $24,050,000.00 "," $15,770,000.00 ",C_PassProtector,Long Stride Awkward,7,76,307,2/12/1991,Cornell
Browns,Nick Harris,64,C,21,69,81,75,66,83,23,6,14,6,6,6,15,16,85,20,6,26,17,15,5,5,15,26,10,10,15,73,30,15,12,25,13,12,88,27,10,87,64,67,29,68,63,65,84,10,16,5,20,56,10,20,69,87,Right,53," $3,300,000.00 "," $310,000.00 ",C_Agile,Default Stride Awkward,0,73,302,11/13/1998,Washington
Browns,Evan Brown,51,C,23,71,78,45,56,90,24,5,14,5,5,5,15,13,81,29,5,31,19,13,5,5,14,25,10,13,14,86,35,14,12,20,11,12,84,15,12,74,64,62,22,58,57,58,77,9,12,8,17,50,8,26,61,89,Right,63," $750,000.00 ", $-   ,C_Power,Default Stride Awkward,2,74,302,9/16/1996,SMU
Browns,Denzel Ward,86,CB,23,95,95,83,95,61,31,6,15,15,10,8,26,66,96,66,6,72,80,30,26,20,48,68,66,33,63,92,50,81,84,19,80,18,86,28,26,17,35,35,69,35,35,35,51,67,13,60,18,96,86,50,35,88,Right,21," $9,880,000.00 "," $19,280,000.00 ",CB_MantoMan,Short Stride Loose,2,71,190,4/28/1997,Ohio State
Browns,Greedy Williams,75,CB,22,93,92,70,87,54,35,10,10,15,10,6,22,63,87,63,6,72,64,25,15,12,55,70,65,42,69,86,56,72,76,23,72,12,84,35,30,11,34,34,52,22,22,28,45,62,17,52,20,86,79,48,35,89,Right,26," $3,460,000.00 "," $3,000,000.00 ",CB_MantoMan,Long Stride Loose,1,74,185,12/3/1997,LSU
Browns,Terrance Mitchell,73,CB,28,88,90,74,94,52,26,6,10,6,6,6,25,82,92,73,6,76,71,10,10,10,54,72,77,34,60,82,53,69,72,23,86,15,74,40,32,15,35,35,46,35,35,35,45,50,10,70,11,91,79,43,35,86,Right,39," $7,500,000.00 "," $2,310,000.00 ",CB_MantoMan,Short Stride Loose,6,71,190,5/27/1992,Oregon
Browns,Kevin Johnson,72,CB,28,87,88,76,91,63,25,6,10,6,6,6,12,70,92,55,6,72,77,20,10,10,45,70,60,40,60,90,57,67,71,31,70,14,82,25,35,13,35,35,64,35,35,35,53,60,15,54,15,92,80,46,35,74,Right,28," $2,500,000.00 "," $1,000,000.00 ",CB_MantoMan,Default Stride Loose,5,72,185,8/5/1992,Wake Forest
Browns,Donnie Lewis Jr,62,CB,24,87,89,60,88,54,36,6,15,6,6,6,40,65,88,66,6,62,57,47,38,33,50,66,62,62,60,87,45,62,64,32,72,15,78,35,40,15,35,35,60,35,35,35,45,60,15,55,21,87,68,42,35,88,Right,37," $1,110,000.00 ", $-   ,CB_MantoMan,Short Stride Default,2,72,195,7/21/1996,Tulane
Browns,Tavierre Thomas,60,CB,24,93,91,48,80,55,25,6,13,6,6,6,14,59,89,58,6,72,50,23,13,10,37,59,63,43,60,81,52,61,63,32,71,16,79,31,35,12,35,35,46,35,35,35,47,74,14,56,18,79,67,50,35,89,Right,20," $1,710,000.00 ", $-   ,CB_MantoMan,Default Stride Loose,2,70,205,3/11/1996,Ferris State
Browns,Donovan Olumba,60,CB,24,85,88,58,86,57,22,6,10,6,6,6,15,59,90,58,6,66,56,20,10,10,54,63,64,28,61,86,55,65,63,25,67,10,78,21,25,15,35,35,59,35,35,35,52,45,15,52,11,81,72,50,35,85,Right,33," $610,000.00 ", $-   ,CB_Zone,Long Stride Loose,2,74,205,9/26/1995,Portland St.
Browns,Robert Jackson,59,CB,23,91,90,52,83,59,25,6,12,6,6,6,45,57,88,57,6,65,50,29,19,12,40,60,60,35,53,89,51,58,61,31,63,10,83,38,32,15,35,35,44,35,35,35,45,30,14,41,15,81,67,48,35,85,Right,34," $590,000.00 ", $-   ,CB_MantoMan,Default Stride Loose,2,73,202,10/9/1996,UNLV
Browns,Sheldon Richardson,81,DT,29,70,83,82,72,88,28,6,10,6,6,6,20,42,81,70,6,82,80,10,3,2,34,42,25,72,38,78,90,55,23,66,30,12,74,55,86,40,45,45,86,45,45,45,90,10,23,10,25,58,25,74,45,89,Right,98," $23,000,000.00 "," $14,010,000.00 ",DT_PowerRusher,Long Stride Loose,7,75,294,11/29/1990,Missouri
Browns,Larry Ogunjobi,77,DT,26,75,83,78,77,88,23,6,10,6,6,6,15,26,86,31,6,82,76,14,6,3,30,35,23,68,28,78,78,31,23,33,31,12,89,28,83,35,46,45,79,45,44,45,85,14,17,18,17,57,17,78,45,90,Right,65," $4,080,000.00 "," $1,000,000.00 ",DT_PowerRusher,Long Stride Awkward,3,75,305,6/3/1994,Charlotte
Browns,Andrew Billings,76,DT,25,73,80,76,67,93,24,6,10,6,6,6,15,28,76,28,6,80,79,13,5,3,14,26,17,50,16,69,80,26,18,43,23,12,78,32,72,28,46,45,81,45,44,44,79,9,19,17,23,54,13,74,45,87,Right,99," $500,000.00 "," $3,000,000.00 ",DT_RunStopper,Default Stride Awkward,4,73,325,3/6/1995,Baylor
Browns,Jordan Elliott,68,DT,22,72,83,66,65,82,23,6,14,6,6,6,14,21,76,28,6,80,67,12,6,4,20,32,16,66,19,69,77,23,16,26,19,12,87,24,73,23,45,45,77,45,45,45,81,10,10,14,13,56,10,75,45,89,Right,61," $4,029,309.00 "," $890,000.00 ",DT_RunStopper,Long Stride Awkward,0,76,302,11/23/1997,Missouri
Browns,Justin Zimmer,66,DT,27,75,85,59,80,90,19,6,10,6,6,6,24,28,72,28,6,76,59,15,7,3,18,33,17,64,20,78,78,29,22,41,24,12,86,33,67,35,45,45,76,45,45,45,83,10,12,19,14,66,18,65,45,90,Right,69," $660,000.00 ", $-   ,DT_RunStopper,Default Stride Awkward,2,75,300,10/23/1992,Ferris State
Browns,Daniel Ekuale,62,DT,26,64,80,56,67,81,10,6,10,6,6,6,26,10,74,39,6,76,58,10,3,2,15,36,25,56,15,77,76,25,15,25,35,12,83,10,66,12,45,45,80,45,45,45,80,10,20,15,21,52,25,69,45,85,Right,96," $1,080,000.00 ", $-   ,DT_RunStopper,Default Stride Awkward,2,75,300,1/13/1994,Wash. St.
Browns,Eli Ankou,62,DT,26,65,81,69,55,84,23,6,10,6,6,6,20,29,75,39,6,71,67,26,18,13,40,43,24,55,30,74,80,44,38,47,28,12,87,36,66,26,46,44,76,45,44,44,76,9,17,19,17,49,15,61,45,86,Right,91," $740,000.00 ", $-   ,DT_RunStopper,Long Stride Loose,3,75,325,6/8/1994,UCLA
Browns,Andy Janovich,74,FB,27,78,86,82,74,80,28,5,16,15,10,5,40,73,84,78,5,58,20,57,48,39,52,65,65,21,50,82,57,20,13,79,67,12,84,76,21,86,61,67,58,36,40,62,64,33,21,40,20,76,18,41,57,86,Right,31," $4,050,000.00 "," $1,340,000.00 ",FB_Blocking,Default Stride High and Tight,4,73,238,5/23/1993,Nebraska
Browns,Grant Delpit,72,FS,21,88,90,76,87,60,23,6,18,6,6,6,20,60,91,69,6,75,72,20,15,10,60,69,56,51,70,89,59,72,70,38,65,15,93,43,42,20,35,35,85,35,35,35,55,55,11,37,14,84,73,53,35,86,Right,22," $7,465,055.00 "," $2,980,000.00 ",S_Hybrid,Long Stride Loose,0,75,213,9/20/1998,LSU
Browns,Sheldrick Redwine,69,FS,23,90,92,67,86,56,35,6,17,6,6,6,25,65,87,62,6,68,65,30,20,15,46,66,63,51,60,88,69,68,67,49,68,10,84,49,41,17,35,35,81,35,35,35,51,35,15,43,22,81,71,58,35,88,Right,29," $2,520,000.00 "," $720,000.00 ",S_Hybrid,Default,1,72,196,11/6/1996,Miami
Browns,Nick Chubb,92,HB,24,92,91,89,83,85,26,17,15,25,20,15,48,94,94,94,15,35,18,52,46,39,61,64,74,12,63,91,29,16,12,90,85,28,92,88,18,37,34,37,35,25,39,62,35,35,12,97,17,82,13,29,30,86,Right,24," $3,940,000.00 "," $3,440,000.00 ",HB_PowerBack,Default Stride High and Tight,2,71,227,12/27/1995,Georgia
Browns,Kareem Hunt,87,HB,25,90,92,81,92,81,27,30,18,24,20,17,52,87,87,98,26,34,16,68,61,55,67,73,79,10,64,92,31,29,13,88,92,21,89,87,10,58,39,56,24,23,28,57,51,55,16,89,24,88,20,29,34,88,Right,27," $3,260,000.00 ", $-   ,HB_ElusiveBack,Short Stride High and Tight,3,71,216,8/6/1995,Toledo
Browns,Dontrell Hilliard,65,HB,25,92,89,61,87,67,34,10,11,28,23,18,47,69,82,83,15,38,22,52,46,38,53,63,80,20,51,83,39,19,14,72,79,22,84,84,10,32,39,34,32,23,27,47,35,80,14,74,17,80,10,34,37,88,Right,25," $750,000.00 ", $-   ,HB_ElusiveBack,Default Stride Loose,2,71,202,2/26/1995,Tulane
Browns,D'Ernest Johnson,65,HB,24,87,89,64,83,64,30,15,11,25,20,15,54,76,81,84,15,40,20,60,52,47,62,67,77,10,57,80,31,20,15,70,80,20,85,69,10,25,17,27,20,36,41,54,20,79,25,75,25,82,20,11,15,87,Right,30," $1,760,000.00 ", $-   ,HB_ElusiveBack,Default Stride Loose,1,70,208,2/27/1996,USF
Browns,Austin Seibert,71,K,23,68,77,56,58,37,45,20,13,33,25,20,12,20,85,50,20,33,15,10,10,10,10,35,15,10,12,70,25,20,15,15,15,15,50,15,10,15,16,15,32,14,16,10,15,10,77,15,92,54,10,35,16,86,Right,4," $2,540,000.00 "," $240,000.00 ",KP_Power,Short Stride Awkward,1,69,211,11/15/1996,Oklahoma
Browns,Olivier Vernon,82,LE,29,80,87,90,74,85,28,6,13,6,6,6,15,25,82,40,6,85,86,15,8,4,27,38,40,69,39,86,84,55,47,33,31,12,88,38,84,21,45,45,74,45,45,45,91,10,24,10,15,66,18,78,45,83,Right,54," $31,000,000.00 ", $-   ,DE_PowerRusher,Default Stride Awkward,8,74,262,10/7/1990,Miami
Browns,Porter Gustin,67,LE,23,83,89,53,82,85,25,6,10,6,6,6,18,46,77,40,6,75,51,17,9,5,42,44,37,60,38,86,76,31,26,48,48,12,87,47,70,17,45,45,80,45,45,45,76,10,14,28,19,67,27,70,45,82,Right,97," $590,000.00 ", $-   ,DE_PowerRusher,Long Stride Loose,1,77,257,2/8/1997,USC
Browns,Chad Thomas,67,LE,24,81,85,61,73,84,23,6,16,6,6,6,15,33,69,29,6,81,62,13,8,5,23,28,22,69,20,79,75,48,36,27,31,12,87,27,61,19,45,45,76,45,45,45,81,10,14,26,17,56,31,74,45,90,Right,92," $3,040,000.00 "," $1,040,000.00 ",DE_RunStopper,Long Stride Loose,2,77,275,10/12/1995,Miami
Browns,Joel Bitonio,86,LG,28,72,84,86,74,86,16,6,16,6,6,6,15,25,88,40,6,19,28,15,5,5,15,28,10,10,15,78,21,20,12,28,10,12,91,10,10,80,77,79,25,88,87,88,85,10,21,12,24,54,10,10,82,92,Right,75," $53,660,000.00 "," $570,000.00 ",G_PassProtector,Long Stride High and Tight,6,76,320,10/11/1991,Nevada
Browns,Drew Forbes,64,LG,23,74,82,65,68,87,18,6,13,6,6,6,19,24,83,35,6,51,37,25,17,12,26,36,17,29,18,75,46,15,12,42,19,12,88,30,43,83,67,68,48,66,63,65,81,10,28,30,32,57,10,46,69,86,Right,79," $2,540,000.00 "," $160,000.00 ",G_Agile,Default Stride Awkward,1,77,308,1/18/1997,SE Missouri St.
Browns,Sione Takitaki,68,LOLB,24,85,89,60,80,76,19,6,13,6,6,6,32,50,83,62,6,78,62,32,17,12,48,60,35,63,54,88,78,58,51,47,47,12,86,42,70,43,49,50,84,45,45,45,79,10,15,45,17,73,42,72,48,87,Right,44," $2,780,000.00 "," $960,000.00 ",OLB_RunStopper,Default Stride Loose,1,73,238,6/8/1996,BYU
Browns,Tae Davis,67,LOLB,24,80,84,72,80,74,21,15,14,22,17,12,15,49,82,53,10,78,73,15,5,5,32,49,52,51,45,82,79,58,50,43,60,22,75,45,57,17,45,45,76,45,45,45,71,30,12,25,17,70,45,64,45,86,Right,55," $750,000.00 ", $-   ,OLB_RunStopper,Default Stride Loose,2,73,224,8/14/1996,Tenn-Chat
Browns,Jedrick Wills Jr,73,LT,21,71,78,75,72,90,21,6,13,6,6,6,18,14,91,27,6,27,26,23,13,7,26,32,14,10,22,83,29,17,11,27,18,12,92,26,10,87,75,74,25,73,76,74,90,8,28,8,19,58,12,28,73,91,Right,71," $2,000,000.00 "," $17,700,000.00 ",OT_Power,Default Stride Awkward,0,76,312,5/17/1999,Alabama
Browns,Kendall Lamm,68,LT,28,62,71,78,71,80,13,6,10,6,6,6,15,15,84,36,6,32,28,15,5,5,25,49,10,10,15,66,42,13,12,35,10,12,81,20,10,76,69,72,38,75,67,72,74,10,11,7,16,55,10,35,74,93,Right,70," $3,890,000.00 "," $600,000.00 ",OT_Agile,Default Stride Awkward,5,77,310,6/5/1992,Appalach. St.
Browns,B.J. Goodson,67,MLB,27,82,87,61,80,81,14,6,17,6,6,6,25,50,86,53,6,80,62,15,5,5,32,59,60,49,30,83,84,56,45,31,57,12,85,44,59,13,45,45,83,45,45,45,73,10,10,28,12,71,49,73,45,89,Right,93," $500,000.00 "," $1,890,000.00 ",MLB_RunStopper,Default,4,73,242,5/29/1993,Clemson
Browns,Jacob Phillips,67,MLB,21,84,87,66,72,73,24,6,12,6,6,6,25,41,86,47,6,82,69,31,27,22,45,56,28,53,52,87,85,57,51,35,36,12,88,33,47,36,45,43,80,45,45,50,78,10,20,31,20,73,48,70,45,90,Right,50," $4,057,645.00 "," $830,000.00 ",MLB_RunStopper,Default Stride Loose,0,75,229,4/1/1999,LSU
Browns,Willie Harvey,59,MLB,24,84,89,55,81,68,25,6,10,6,6,6,25,46,90,50,6,81,58,15,5,5,38,54,55,64,40,82,77,58,54,36,45,12,86,45,53,20,45,45,79,45,45,45,74,10,20,22,20,70,51,66,45,82,Right,56," $590,000.00 ", $-   ,MLB_RunStopper,Default Stride Loose,1,71,230,1/9/1996,Iowa State
Browns,Jamie Gillan,79,P,23,72,83,66,71,69,51,27,17,46,35,26,16,34,84,42,17,50,23,15,15,15,14,36,22,10,15,87,53,18,13,23,36,22,88,23,10,14,17,17,64,18,18,18,21,10,86,25,93,57,10,28,17,87,Left,7," $1,760,000.00 ", $-   ,KP_Power,Short Stride Loose,1,73,207,7/4/1997,Arkansas P.B.
Browns,Baker Mayfield,78,QB,25,82,86,75,84,70,93,88,83,87,81,83,15,84,83,65,86,33,15,28,17,13,23,61,48,10,55,72,32,12,10,67,70,84,95,60,10,24,15,25,25,10,12,16,32,10,16,70,20,80,10,28,10,91,Right,6," $10,840,000.00 "," $21,840,000.00 ",QB_Improviser,Default Stride Loose,2,73,218,4/14/1995,Oklahoma
Browns,Case Keenum,67,QB,32,78,81,70,73,54,83,82,82,84,77,78,15,61,74,61,80,24,22,10,10,10,10,33,61,10,10,79,14,12,10,36,58,82,76,23,10,15,10,17,12,20,27,21,25,10,24,51,22,74,10,22,10,85,Right,5," $10,500,000.00 "," $7,490,000.00 ",QB_Scrambler,Default,8,73,215,2/17/1988,Houston
Browns,Garrett Gilbert,48,QB,29,75,81,60,68,60,76,75,63,76,61,65,15,69,71,61,63,35,21,15,14,12,15,25,54,10,15,72,25,19,10,35,59,63,75,32,10,10,10,10,12,10,10,10,10,10,15,35,22,68,10,16,10,83,Right,3," $1,300,000.00 "," $80,000.00 ",QB_Scrambler,Default,5,76,230,7/1/1991,SMU
Browns,Myles Garrett,93,RE,24,85,90,94,83,96,55,23,16,31,30,27,35,39,88,55,10,90,91,15,8,4,21,52,40,88,25,92,81,48,49,36,36,12,83,48,96,17,45,45,81,45,45,45,87,10,20,34,20,71,44,88,45,87,Right,95," $10,660,000.00 "," $34,920,000.00 ",DE_PowerRusher,Long Stride Default,3,76,272,12/29/1995,Texas AM
Browns,Adrian Clayborn,79,RE,32,76,85,86,77,84,16,6,16,6,6,6,15,10,74,40,6,78,80,15,8,4,15,27,10,68,15,74,79,34,25,10,10,12,85,10,84,18,45,45,81,45,45,45,88,10,25,25,15,66,20,60,45,87,Right,94," $4,750,000.00 "," $1,000,000.00 ",DE_PowerRusher,Default Stride Awkward,9,75,280,7/6/1988,Iowa
Browns,Trevon Young,65,RE,25,80,87,51,79,80,20,6,16,6,6,6,14,30,78,38,6,77,50,15,8,4,25,40,34,74,20,80,73,45,42,28,38,12,74,32,65,17,45,45,77,45,45,45,78,10,11,29,17,69,33,64,45,66,Right,59," $1,270,000.00 ", $-   ,DE_SmallerSpeedRusher,Default Stride Loose,3,76,259,4/1/1995,Louisville
Browns,Wyatt Teller,68,RG,25,64,76,72,68,88,40,26,27,27,24,19,18,27,87,40,22,40,31,22,18,12,29,36,26,37,27,72,50,10,9,44,28,35,90,19,42,78,72,71,43,68,70,69,82,10,12,28,18,53,10,45,71,92,Right,77," $2,460,000.00 "," $60,000.00 ",G_Power,Long Stride Loose,2,76,314,11/21/1994,Virginia Tech
Browns,Colby Gossett,64,RG,25,66,77,60,64,87,19,6,12,6,6,6,17,14,87,24,6,21,19,10,5,5,19,25,10,18,15,64,29,12,9,29,10,12,87,10,19,74,66,70,30,70,67,70,77,10,10,25,17,53,10,23,71,91,Right,68," $680,000.00 ", $-   ,G_Agile,Default Stride Awkward,3,77,331,6/23/1995,Appalach. St.
Browns,Mack Wilson,75,ROLB,22,84,87,78,81,78,52,25,30,48,38,30,17,52,89,57,27,80,75,21,11,6,58,68,39,54,63,80,80,70,63,36,54,27,88,42,63,26,45,45,85,45,45,45,82,10,14,33,15,71,46,73,45,86,Right,51," $2,540,000.00 "," $290,000.00 ",OLB_RunStopper,Default Stride Loose,1,73,233,2/14/1998,Alabama
Browns,Jermaine Grace,65,ROLB,26,87,88,54,82,79,25,6,10,6,6,6,15,37,81,54,6,77,56,17,7,5,50,59,31,62,46,80,77,60,58,32,37,12,89,26,57,16,44,45,80,43,44,45,69,10,19,14,19,73,44,63,44,89,Right,48," $1,410,000.00 ", $-   ,OLB_RunStopper,Default,4,72,223,11/8/1993,Miami
Browns,Montrel Meander,58,ROLB,25,91,90,52,84,65,27,6,14,6,6,6,18,64,87,57,6,75,50,24,14,10,37,59,60,36,60,89,67,64,60,48,56,10,81,43,32,17,33,35,62,34,33,25,60,45,17,52,18,76,69,54,34,85,Right,41," $1,270,000.00 ", $-   ,OLB_PassCoverage,Default Stride Loose,3,74,215,9/20/1994,Grambling St.
Browns,Jack Conklin,78,RT,26,72,80,88,63,87,22,5,13,5,5,5,16,12,88,29,5,29,19,14,5,5,15,24,12,14,15,74,34,14,11,24,11,12,95,15,15,81,76,79,24,79,82,81,87,9,19,7,18,53,10,26,82,92,Right,78," $13,000,000.00 "," $23,000,000.00 ",OT_Agile,Default Stride Awkward,4,78,308,8/17/1994,Michigan St.
Browns,Chris Hubbard,68,RT,29,69,82,77,66,83,30,6,8,6,6,6,15,10,86,45,6,25,15,15,5,5,15,40,10,10,15,70,34,15,12,20,10,12,72,30,10,71,71,69,20,72,76,74,82,10,25,6,25,52,10,20,67,91,Right,74," $28,370,000.00 "," $5,090,000.00 ",OT_Power,Long Stride Awkward,7,76,295,4/23/1991,UAB
Browns,Alex Taylor,51,RT,23,69,79,50,59,81,12,6,14,6,6,6,14,12,84,30,6,25,13,15,12,10,15,22,10,10,15,75,27,16,12,23,10,12,86,10,10,78,57,58,30,62,57,60,76,10,12,13,10,54,10,22,60,87,Right,67," $2,250,000.00 "," $40,000.00 ",OT_Agile,Long Stride Awkward,0,80,301,4/29/1997,S.C. State
Browns,Karl Joseph,77,SS,26,87,90,74,87,76,27,15,18,15,10,10,23,54,87,79,15,81,77,20,10,10,48,73,57,58,60,88,74,72,68,31,61,15,86,47,52,23,33,16,92,33,34,25,68,60,18,40,21,82,69,65,33,83,Right,42," $1,780,000.00 "," $500,000.00 ",S_RunSupport,Default Stride Loose,4,70,205,9/8/1993,West Virginia
Browns,Andrew Sendejo,76,SS,32,81,87,79,83,69,30,6,16,6,6,6,20,46,89,65,6,81,76,20,10,10,30,70,45,48,60,82,75,80,71,25,47,18,79,30,38,19,35,35,84,35,35,35,64,45,35,25,45,81,65,61,35,87,Right,23," $500,000.00 "," $1,730,000.00 ",S_Zone,Default,10,73,210,9/9/1987,Rice
Browns,Austin Hooper,89,TE,25,82,87,93,83,73,26,10,15,15,10,6,79,80,96,75,6,31,22,82,81,72,82,97,59,17,83,86,34,21,14,71,69,12,88,80,17,53,62,66,27,59,63,65,68,18,19,64,21,74,17,29,66,90,Left,81," $24,000,000.00 "," $17,990,000.00 ",TE_VerticalThreat,Default,4,76,254,10/29/1994,Stanford
Browns,David Njoku,78,TE,24,85,90,74,84,72,13,10,10,15,10,6,72,78,88,78,6,37,13,75,72,69,82,77,73,10,84,93,36,23,26,75,76,12,78,79,10,50,53,60,15,50,54,57,65,40,19,77,15,74,10,42,60,87,Right,85," $4,960,000.00 "," $10,590,000.00 ",TE_VerticalThreat,Long Stride High and Tight,3,76,246,7/10/1996,Miami
Browns,Harrison Bryant,67,TE,22,82,87,58,78,72,34,10,10,15,15,10,67,74,85,72,5,54,36,68,63,59,75,78,62,47,80,79,47,31,23,71,64,12,84,67,38,56,58,64,47,60,58,61,66,38,18,65,20,76,27,50,63,89,Right,88," $3,300,000.00 "," $760,000.00 ",TE_VerticalThreat,Long Stride Default,0,77,243,4/23/1998,FAU
Browns,Pharaoh Brown,63,TE,26,78,84,53,77,75,25,10,10,15,10,6,62,70,77,74,6,33,18,61,56,51,75,73,66,28,73,82,35,17,12,62,74,15,71,69,20,56,65,68,39,57,61,61,70,15,19,66,24,69,15,26,68,80,Right,86," $750,000.00 ", $-   ,TE_Possession,Long Stride Loose,3,78,258,5/5/1994,Oregon
Browns,Stephen Carlson,61,TE,23,80,87,55,84,70,25,10,10,15,10,6,62,65,79,74,6,33,19,59,54,50,76,76,60,10,79,79,30,23,19,65,65,17,83,68,10,49,56,59,35,59,55,60,62,40,19,52,21,80,23,35,59,90,Right,89," $590,000.00 ", $-   ,TE_VerticalThreat,Long Stride Default,1,76,240,12/12/1996,Princeton
Browns,Charley Hughlett,55,TE,30,69,81,65,78,74,38,6,10,6,6,6,12,25,69,65,6,44,40,38,33,28,52,57,25,10,48,78,56,24,25,34,30,10,76,45,10,57,62,69,58,66,60,66,73,10,13,17,13,70,15,42,68,90,Right,47," $6,390,000.00 ", $-   ,TE_Blocking,Default Stride Awkward,6,76,248,5/16/1990,UCF
Browns,Odell Beckham Jr,91,WR,27,93,94,86,98,53,67,36,30,55,49,47,89,98,88,73,12,39,22,93,92,89,91,87,89,10,99,96,40,22,18,43,98,39,87,78,10,22,38,57,15,25,25,51,54,79,53,85,75,96,45,45,32,84,Right,13," $59,960,000.00 "," $22,500,000.00 ",WR_DeepThreat,Short Stride Loose,6,71,198,11/5/1992,LSU
Browns,Jarvis Landry,85,WR,27,89,91,93,92,66,61,32,33,48,42,46,85,93,95,75,26,55,29,89,86,81,87,90,85,10,91,84,47,15,10,77,92,26,91,70,10,39,29,62,62,20,25,40,59,89,17,86,16,85,10,45,25,91,Left,80," $67,800,000.00 "," $7,700,000.00 ",WR_RouteRunner,Default Stride Loose,6,71,196,11/28/1992,LSU
Browns,Rashard Higgins,74,WR,25,86,89,80,84,66,29,10,22,15,10,6,73,77,83,71,6,37,21,80,80,79,82,83,78,11,84,84,31,24,16,42,79,22,87,51,11,29,23,44,15,19,21,39,49,65,22,72,23,78,16,36,16,90,Right,82," $750,000.00 ", $-   ,WR_DeepThreat,Default,4,73,198,10/7/1994,Colorado St.
Browns,Taywan Taylor,72,WR,25,91,93,62,93,62,28,26,19,23,18,13,77,82,85,72,20,37,24,78,76,75,76,80,76,10,82,90,31,17,12,44,84,25,88,54,10,31,22,62,22,12,12,38,51,75,17,77,23,84,15,32,14,94,Right,10," $2,770,000.00 "," $460,000.00 ",WR_DeepThreat,Default Stride Loose,3,71,203,3/2/1995,W. Kentucky
Browns,Damion Ratley,69,WR,25,93,92,62,86,59,29,10,16,15,10,6,65,76,81,76,6,20,17,74,72,74,79,81,71,10,82,90,21,13,16,48,79,16,82,51,10,23,32,45,12,22,24,35,44,39,11,72,11,84,10,18,29,90,Right,18," $2,460,000.00 "," $200,000.00 ",WR_DeepThreat,Default Stride Loose,2,74,200,4/16/1995,Texas AM
Browns,KhaDarel Hodge,66,WR,25,87,89,65,85,58,57,49,36,45,41,37,63,74,81,69,40,33,18,69,67,72,77,82,75,10,83,88,29,25,13,40,81,41,83,47,10,21,19,42,51,17,10,35,44,67,16,73,20,80,18,27,10,88,Right,12," $750,000.00 ", $-   ,WR_DeepThreat,Default Stride Loose,2,74,205,1/3/1995,P. View AM
Browns,J'Mon Moore,66,WR,25,87,88,53,94,65,30,18,18,25,20,15,73,74,83,72,10,34,16,78,74,70,77,78,77,10,82,90,32,18,13,40,83,20,86,76,10,21,33,47,18,20,25,29,37,70,13,71,18,89,15,29,28,89,Left,16," $1,270,000.00 ", $-   ,WR_Physical,Long Stride Loose,3,75,205,5/23/1995,Missouri
Browns,Donovan Peoples-Jones,66,WR,21,90,89,68,85,66,33,25,19,20,15,10,70,74,83,74,19,37,23,70,67,63,77,81,69,10,79,94,32,24,19,58,73,21,79,54,10,30,32,52,33,15,20,36,50,79,16,73,18,83,23,37,30,87,Right,11," $3,300,000.00 "," $190,000.00 ",WR_Physical,Long Stride Loose,0,74,212,2/19/1999,Michigan
Browns,JoJo Natson,59,WR,26,90,92,67,86,50,24,23,19,20,15,10,55,61,78,63,17,26,23,58,57,59,74,75,84,10,72,80,20,22,19,40,87,27,74,38,10,21,19,37,15,13,13,34,38,86,14,75,20,88,15,24,11,85,Right,19," $960,000.00 ", $-   ,WR_DeepThreat,Short Stride Loose,3,67,160,2/1/1994,Akron

