﻿Team,Full Name,Overall Rating,Position,Age,Speed,Acceleration,Awareness,Agility,Strength,Throw Power,Throw On The Run,Throw Under Pressure,Throw Accuracy Short,Throw Accuracy Mid,Throw Accuracy Deep,Release,Ball Carrier Vision,Stamina,Carrying,Play Action,Pursuit,Play Recognition,Short Route Running,Medium Route Running,Deep Route Running,Catch In Traffic,Catching,Spin Move,Finesse Moves,Spectacular Catch,Jumping,Tackle,Zone Coverage,Man Coverage,Trucking,Juke Move,Break Sack,Toughness,Stiff Arm,Power Moves,Lead Blocking,Run Block Power,Run Blocking,Hit Power,Pass Block Finesse,Pass Block Power,Pass Blocking,Impact Blocking,Kick Return,Kick Accuracy,Break Tackle,Kick Power,Change Of Direction,Press,Block Shedding,Run Block Finesse,Injury,Player Handedness,Jersey Number, Total Salary , Signing Bonus ,Archetype,Running Style,Years Pro,Height,Weight,Birthdate,College
Chiefs,Austin Reiter,67,C,28,65,82,79,67,79,15,6,10,6,6,6,15,10,84,40,6,45,31,15,5,5,15,25,10,10,15,82,38,11,9,25,10,12,75,10,10,75,68,70,25,74,68,71,77,10,14,5,15,54,10,27,74,91,Right,62," $4,090,000.00 "," $1,090,000.00 ",C_Agile,Default Stride Awkward,5,75,300,11/27/1991,USF
Chiefs,Nick Allegretti,59,C,24,62,78,66,66,83,23,6,12,6,6,6,12,14,81,40,6,35,27,10,5,5,10,35,11,17,12,73,41,12,12,25,12,12,86,38,22,74,63,65,35,64,69,67,80,14,17,6,22,56,10,31,67,88,Right,73," $2,540,000.00 "," $100,000.00 ",C_Power,Default Stride Awkward,1,76,320,4/21/1996,Illinois
Chiefs,Darryl Williams,57,C,23,65,79,70,55,82,26,6,10,6,6,6,12,15,87,28,6,28,10,10,5,5,15,20,10,10,12,65,28,12,12,21,10,12,90,10,10,81,62,63,29,62,59,61,80,10,14,8,15,53,10,26,64,86,Right,65," $2,190,000.00 "," $100,000.00 ",C_Agile,Default Stride Awkward,0,74,304,6/10/1997,Mississippi St.
Chiefs,Charvarius Ward,76,CB,24,91,86,84,80,64,21,22,14,16,11,7,39,66,91,61,21,70,79,31,28,21,55,59,72,47,60,89,46,75,78,63,79,33,79,54,41,16,35,35,48,35,35,23,56,42,12,63,15,84,81,46,35,88,Right,35," $1,710,000.00 ", $-   ,CB_MantoMan,Short Stride Loose,2,73,200,5/16/1996,Mid Tenn St.
Chiefs,Bashaud Breeland,75,CB,28,88,91,76,85,57,20,6,10,6,6,6,20,65,93,59,6,68,74,10,10,10,44,72,66,45,61,85,63,78,71,30,70,10,69,35,40,19,35,35,68,35,35,35,49,77,17,44,22,84,81,48,35,89,Right,21," $500,000.00 "," $2,500,000.00 ",CB_Zone,Short Stride Loose,6,71,195,1/30/1992,Clemson
Chiefs,Rashad Fenton,70,CB,23,88,89,70,84,58,22,6,13,6,6,6,20,63,91,52,6,73,72,27,21,16,44,65,69,42,62,82,58,74,72,43,73,14,82,42,38,15,33,18,57,34,33,13,45,80,17,54,18,86,73,54,34,88,Right,27," $2,540,000.00 "," $130,000.00 ",CB_MantoMan,Default Stride Loose,1,71,188,2/17/1997,South Carolina
Chiefs,Javaris Davis,63,CB,23,93,91,54,89,53,36,6,10,6,6,6,39,72,92,70,6,72,58,44,32,15,58,64,70,40,68,85,58,61,63,25,77,12,80,40,30,15,35,35,53,35,35,40,49,60,26,57,26,87,64,53,35,84,Right,46," $2,270,000.00 "," $20,000.00 ",CB_Slot,Short Stride Loose,0,68,183,12/26/1996,Auburn
Chiefs,Antonio Hamilton,62,CB,27,90,91,53,85,59,27,6,10,6,6,6,31,72,92,68,6,77,55,32,22,15,43,58,73,33,60,88,53,64,65,43,78,13,79,44,22,15,35,19,59,35,35,13,45,80,19,63,23,85,65,45,35,87,Right,20," $500,000.00 "," $390,000.00 ",CB_MantoMan,Short Stride Default,4,72,195,1/24/1993,S.C. State
Chiefs,BoPete Keyes,62,CB,22,87,89,59,83,64,27,6,13,6,6,6,27,64,90,60,6,72,57,26,16,11,52,64,67,41,61,87,52,62,64,28,72,15,83,29,35,15,33,34,56,34,33,33,52,30,17,52,18,82,71,52,34,86,Right,29," $2,717,819.00 "," $80,000.00 ",CB_MantoMan,Long Stride Loose,0,73,202,11/9/1997,Tulane
Chiefs,Alex Brown,60,CB,24,91,93,48,82,54,22,6,12,6,6,6,33,70,88,55,6,71,46,30,25,21,60,66,69,48,68,95,55,60,62,38,74,12,80,44,39,15,33,18,60,34,33,13,50,55,17,56,18,83,68,49,34,85,Right,30," $590,000.00 ", $-   ,CB_MantoMan,Default Stride High and Tight,1,71,170,8/30/1996,S.C. State
Chiefs,Chris Lammons,59,CB,24,90,91,51,82,55,30,6,16,6,6,6,17,48,84,62,6,72,50,15,10,6,41,63,59,37,60,84,67,61,54,22,68,14,78,22,31,12,35,35,70,35,35,35,57,35,15,37,15,85,62,51,35,82,Right,38," $590,000.00 ", $-   ,CB_Slot,Default Stride Loose,3,70,190,1/31/1996,South Carolina
Chiefs,Chris Jones,92,DT,26,71,85,95,74,92,23,6,16,6,6,6,15,27,80,29,6,90,93,13,6,3,14,29,21,89,16,72,90,29,23,33,31,12,86,29,95,19,46,44,81,45,44,44,89,9,17,10,17,63,13,84,45,90,Right,95," $16,130,000.00 ", $-   ,DT_PowerRusher,Default Stride High and Tight,4,78,310,7/3/1994,Mississippi St.
Chiefs,Derrick Nnadi,78,DT,24,63,78,78,60,87,24,6,16,6,6,6,15,24,81,27,6,81,83,15,7,3,15,25,18,60,15,68,81,28,19,46,25,12,93,37,72,31,45,45,79,45,45,45,88,10,12,16,17,48,15,84,45,89,Right,91," $2,640,000.00 "," $1,110,000.00 ",DT_RunStopper,Long Stride Loose,2,73,312,5/9/1996,Florida State
Chiefs,Mike Pennel Jr,73,DT,29,63,80,80,57,87,20,6,10,6,6,6,15,15,68,40,6,79,82,15,7,3,15,32,12,46,15,69,80,20,15,25,15,12,75,27,72,36,45,45,75,45,45,45,86,10,16,10,15,51,16,75,45,92,Right,64," $500,000.00 "," $390,000.00 ",DT_RunStopper,Default Stride Awkward,7,76,332,5/9/1991,CSU-Pueblo
Chiefs,Khalen Saunders,71,DT,24,73,83,72,71,84,25,6,12,6,6,6,28,40,69,49,6,80,70,28,23,20,39,46,22,75,39,75,77,27,18,38,34,12,87,39,68,41,45,45,77,45,45,45,84,10,12,21,18,60,11,76,45,90,Right,99," $2,760,000.00 "," $910,000.00 ",DT_RunStopper,Long Stride Default,1,72,324,8/9/1996,W. Illinois
Chiefs,Devaroe Lawrence,61,DT,27,68,78,50,61,86,23,6,10,6,6,6,15,18,69,41,6,74,53,13,5,5,14,39,17,63,16,72,77,20,18,29,16,12,80,25,69,28,45,45,78,45,45,45,78,9,17,10,17,50,13,66,45,86,Right,93," $660,000.00 ", $-   ,DT_RunStopper,Default Stride Awkward,4,74,294,10/13/1992,Auburn
Chiefs,Anthony Sherman,77,FB,31,77,85,83,72,83,35,10,17,20,15,10,75,72,87,72,10,70,25,62,55,44,73,67,63,10,68,79,69,15,12,75,67,12,91,74,10,88,62,69,25,34,38,55,74,10,20,39,20,69,25,55,57,95,Right,42," $500,000.00 "," $390,000.00 ",FB_Blocking,Default,9,70,242,12/11/1988,Connecticut
Chiefs,Juan Thornhill,78,FS,24,90,89,80,85,66,52,35,27,44,40,30,15,65,89,65,18,75,78,20,10,10,60,73,58,49,63,95,69,78,72,50,75,20,81,50,38,20,35,35,73,35,35,35,58,45,17,58,20,87,72,55,35,88,Right,22," $3,060,000.00 "," $1,570,000.00 ",S_Zone,Default Stride Loose,1,72,205,10/19/1995,Virginia
Chiefs,L'Jarius Sneed,67,FS,23,93,89,64,87,58,27,6,15,6,6,6,22,78,89,68,6,76,61,30,26,33,58,71,80,35,70,93,63,67,65,50,82,14,82,48,28,19,35,18,75,35,35,25,59,70,24,60,22,84,71,54,35,89,Right,38," $3,269,320.00 "," $630,000.00 ",S_Hybrid,Default Stride Loose,0,72,192,1/21/1997,LA. Tech
Chiefs,Armani Watts,64,FS,24,85,87,57,81,52,25,6,15,6,6,6,25,59,88,64,6,73,59,35,27,19,55,67,59,35,60,84,69,74,70,25,77,10,80,30,22,23,35,35,68,35,35,35,57,35,14,46,19,81,68,49,35,81,Right,23," $2,460,000.00 "," $670,000.00 ",S_Hybrid,Default Stride Loose,2,71,205,3/19/1996,Texas AM
Chiefs,Damien Williams,83,HB,28,90,91,87,88,67,28,15,17,35,30,20,69,85,89,88,15,46,25,68,61,53,74,72,83,10,73,85,35,14,14,74,89,25,85,74,10,47,40,53,12,27,33,61,48,75,11,84,17,84,10,22,41,89,Right,26," $4,490,000.00 "," $1,800,000.00 ",HB_ElusiveBack,Default,6,71,224,4/3/1992,Oklahoma
Chiefs,Clyde Edwards-Helaire,74,HB,21,86,90,67,89,71,37,30,21,36,31,24,57,81,88,89,20,31,15,66,59,51,65,69,82,10,63,91,26,16,11,75,85,29,85,81,10,36,22,31,23,23,27,47,34,78,17,77,21,88,16,24,18,89,Right,25," $10,820,000.00 "," $5,430,000.00 ",HB_ElusiveBack,Short Stride Default,0,67,207,4/11/1999,LSU
Chiefs,DeAndre Washington,73,HB,27,90,92,76,89,71,30,20,13,29,28,19,65,81,86,80,18,36,15,67,61,53,67,65,71,30,60,84,32,29,19,71,82,22,84,66,20,24,24,34,20,24,29,51,21,75,15,79,23,86,20,32,23,90,Right,24," $750,000.00 "," $140,000.00 ",HB_ElusiveBack,Default,4,68,210,2/22/1993,Texas Tech
Chiefs,Darrel Williams,68,HB,25,87,89,74,78,75,25,23,17,20,15,10,49,79,85,89,16,41,18,62,55,46,65,68,72,11,61,79,36,20,10,82,79,26,84,80,16,53,38,47,38,36,39,59,48,50,12,76,17,84,12,34,35,88,Right,31," $1,710,000.00 "," $30,000.00 ",HB_PowerBack,Default,2,72,224,4/15/1995,LSU
Chiefs,Darwin Thompson,66,HB,23,89,92,61,85,71,23,14,12,20,15,10,50,75,84,86,10,24,14,58,55,47,60,67,72,10,60,88,27,21,14,60,79,23,80,70,10,26,14,37,23,25,20,50,42,60,20,73,24,83,15,23,17,90,Right,34," $2,540,000.00 "," $120,000.00 ",HB_ElusiveBack,Short Stride Default,1,68,200,2/12/1997,Utah State
Chiefs,Elijah McGuire,64,HB,26,89,89,66,80,72,35,15,11,35,30,20,50,78,82,84,15,39,19,65,58,51,68,62,71,10,64,86,35,12,12,78,81,24,86,63,10,55,29,40,28,30,35,56,53,67,18,79,27,75,20,34,35,87,Right,30," $660,000.00 ", $-   ,HB_ElusiveBack,Default,4,70,214,6/1/1994,UL Lafayette
Chiefs,Harrison Butker,82,K,25,75,82,74,57,44,22,20,24,33,25,25,12,28,82,26,20,12,17,10,10,10,10,30,15,10,12,58,15,15,15,17,28,14,63,16,10,15,15,18,12,15,16,19,15,10,86,14,95,49,10,12,20,87,Right,7," $15,280,000.00 "," $5,650,000.00 ",KP_Power,Default Stride Awkward,3,76,205,7/14/1995,Georgia Tech
Chiefs,Alex Okafor,76,LE,29,73,82,81,72,79,14,6,18,6,6,6,20,25,80,55,6,83,78,20,13,9,25,49,25,66,25,80,84,49,39,40,15,12,90,35,81,13,45,45,83,45,45,45,76,10,11,20,16,66,41,76,45,87,Right,97," $11,400,000.00 "," $6,500,000.00 ",DE_PowerRusher,Default Stride Awkward,7,76,261,2/8/1991,Texas
Chiefs,Breeland Speaks,72,LE,24,79,87,66,77,83,20,6,14,6,6,6,13,36,73,34,6,83,69,10,8,5,28,38,35,76,25,79,79,53,43,42,45,12,84,33,69,13,45,45,80,45,45,45,81,10,12,31,19,59,21,77,45,88,Right,57," $3,440,000.00 "," $2,660,000.00 ",DE_RunStopper,Long Stride Loose,2,75,285,12/18/1995,Ole Miss
Chiefs,Taco Charlton,70,LE,25,79,88,63,80,80,33,6,15,6,6,6,20,43,78,45,6,79,65,15,8,4,25,43,38,72,30,80,80,50,44,41,48,12,86,47,60,19,45,45,79,45,45,45,80,10,14,28,17,68,29,68,45,94,Right,98," $830,000.00 ", $-   ,DE_SmallerSpeedRusher,Long Stride Loose,3,78,273,11/7/1994,Michigan
Chiefs,Demone Harris,62,LE,24,76,83,53,71,78,22,6,10,6,6,6,17,25,76,43,6,76,50,13,13,13,17,40,25,69,19,79,77,41,28,33,24,12,82,29,63,10,44,45,75,44,45,44,76,9,19,12,16,66,22,66,45,87,Right,52," $660,000.00 ", $-   ,DE_SmallerSpeedRusher,Default Stride Awkward,2,76,272,12/30/1995,Buffalo
Chiefs,Mike Remmers,71,LG,31,64,80,82,63,85,30,6,13,6,6,6,15,10,84,45,6,28,15,15,5,5,15,45,10,10,15,72,35,15,12,20,10,12,75,30,10,74,75,72,20,72,76,74,76,10,25,6,25,54,10,20,71,89,Right,75," $500,000.00 "," $390,000.00 ",G_Power,Default Stride Awkward,8,77,310,4/11/1989,Oregon State
Chiefs,Andrew Wylie,66,LG,26,68,82,75,69,82,25,5,10,5,5,5,20,25,79,27,5,33,18,25,15,7,30,35,20,30,30,82,35,11,11,35,20,12,80,20,40,77,68,67,40,72,73,73,80,10,15,20,19,53,10,32,66,84,Right,77," $750,000.00 ", $-   ,G_PassProtector,Default Stride Awkward,3,78,309,8/19/1994,Eastern Michigan
Chiefs,Dorian O'Daniel,70,LOLB,25,85,87,69,91,73,23,6,10,6,6,6,13,50,81,61,6,80,67,15,5,5,51,63,44,56,49,78,81,67,62,35,52,12,83,34,50,22,45,45,85,45,45,45,81,10,12,35,18,77,46,60,45,90,Right,44," $2,510,000.00 "," $840,000.00 ",OLB_PassCoverage,Default,2,73,223,9/4/1994,Clemson
Chiefs,Eric Fisher,74,LT,29,68,82,84,73,88,29,6,14,6,6,6,30,35,94,45,6,35,30,20,10,6,30,40,25,39,25,71,43,12,12,39,28,12,86,44,35,84,74,77,35,76,72,75,81,10,11,15,21,56,10,40,78,91,Right,72," $40,500,000.00 "," $26,970,000.00 ",OT_Agile,Default Stride Awkward,7,79,315,1/5/1991,Central Michigan
Chiefs,Greg Senat,57,LT,25,60,78,58,70,77,21,6,16,6,6,6,22,21,86,30,6,18,15,18,15,15,31,36,10,10,28,66,22,15,12,30,16,12,88,29,10,80,61,62,24,69,63,68,79,10,12,27,18,54,10,17,64,90,Right,70," $1,410,000.00 ", $-   ,OT_Agile,Default Stride Awkward,2,78,302,9/8/1994,Wagner College
Chiefs,Yasir Durant,56,LT,22,55,71,63,55,82,17,6,10,6,6,6,15,19,80,24,6,21,13,17,7,5,20,31,12,10,17,64,32,10,10,38,15,12,85,31,10,74,62,61,41,62,65,64,79,10,14,7,17,45,10,19,59,86,Right,66," $2,150,000.00 "," $150,000.00 ",OT_Power,Long Stride Awkward,0,78,331,5/21/1998,Missouri
Chiefs,Jackson Barton,54,LT,25,66,78,55,61,83,16,6,13,6,6,6,22,10,83,35,6,35,24,22,15,10,22,37,10,30,25,68,40,12,12,21,10,12,87,10,40,77,63,62,35,59,61,60,78,10,11,5,21,52,10,40,60,89,Right,68," $590,000.00 ", $-   ,OT_Power,Long Stride Awkward,1,79,302,8/8/1995,Utah
Chiefs,Anthony Hitchens,73,MLB,28,81,87,80,80,77,25,6,10,6,6,6,15,39,88,65,6,83,78,15,5,5,45,61,42,51,47,80,83,59,51,44,40,12,91,40,62,21,45,45,87,45,45,45,81,15,20,15,20,70,55,76,45,94,Right,53," $24,500,000.00 "," $20,490,000.00 ",MLB_RunStopper,Default,6,72,235,6/10/1992,Iowa
Chiefs,Ben Niemann,68,MLB,25,82,84,74,82,71,26,6,10,6,6,6,12,33,84,42,6,81,72,18,9,5,25,47,23,57,23,81,83,63,56,38,30,12,82,46,51,16,45,45,79,45,45,45,74,10,12,22,16,72,45,67,45,88,Right,56," $1,710,000.00 ", $-   ,MLB_FieldGeneral,Default Stride Loose,2,74,235,7/27/1995,Iowa
Chiefs,Emmanuel Smith,55,MLB,25,84,91,56,84,66,34,6,10,6,6,6,12,31,85,45,6,74,58,10,5,5,24,43,30,58,25,85,75,55,46,33,32,12,88,25,51,17,45,45,76,45,45,45,75,10,13,20,18,72,31,61,45,88,Right,43," $510,000.00 ", $-   ,MLB_RunStopper,Default Stride Loose,3,74,240,7/25/1995,Vanderbilt
Chiefs,Tommy Townsend,65,P,23,81,87,46,65,43,38,20,16,30,30,25,15,10,87,40,20,23,28,15,15,15,15,20,10,10,15,58,35,24,16,10,10,19,58,10,10,14,14,14,12,11,11,11,14,10,67,12,91,61,10,32,14,81,Right,2," $2,290,000.00 ", $-   ,KP_Power,Default Stride Awkward,0,73,191,11/12/1996,Florida
Chiefs,Tyler Newsome,65,P,25,67,81,49,60,77,38,19,17,27,23,18,15,15,81,43,15,22,17,15,15,15,15,27,10,10,15,56,22,16,10,10,14,18,88,10,10,16,16,14,12,17,17,17,16,10,61,5,92,47,10,29,16,82,Right,6," $610,000.00 ", $-   ,KP_Power,Default Stride Loose,0,75,214,7/14/1995,Notre Dame
Chiefs,Patrick Mahomes,99,QB,24,81,87,97,88,69,97,97,97,97,95,93,22,82,96,63,96,37,22,27,17,15,32,37,69,10,30,74,26,19,17,49,72,90,96,57,10,23,10,23,18,10,10,10,27,10,10,76,20,88,10,24,10,95,Right,15," $6,840,000.00 "," $34,420,000.00 ",QB_Improviser,Default,3,75,230,9/17/1995,Texas Tech
Chiefs,Chad Henne,59,QB,35,63,72,73,61,62,79,65,74,79,75,72,12,30,77,69,73,30,15,10,10,10,10,30,25,10,12,55,29,20,15,21,40,57,84,30,10,20,30,15,12,15,25,15,30,10,24,24,25,62,10,25,20,88,Right,4," $1,750,000.00 "," $1,510,000.00 ",QB_FieldGeneral,Default,12,75,222,7/2/1985,Michigan
Chiefs,Jordan Ta'Amu,58,QB,22,80,86,49,82,68,84,77,73,78,69,70,18,81,85,64,71,27,18,23,18,14,21,36,69,10,25,69,31,18,14,60,68,75,87,53,10,22,23,18,24,15,19,18,31,10,18,70,23,77,10,24,19,88,Right,8," $610,000.00 "," $70,000.00 ",QB_Scrambler,Long Stride Loose,0,75,210,12/10/1997,Ole Miss
Chiefs,Frank Clark,83,RE,27,83,90,91,80,88,27,6,16,6,6,6,25,32,80,56,6,88,86,15,8,4,21,44,20,80,30,87,72,47,34,35,26,12,72,32,85,19,45,45,82,45,45,45,89,10,19,16,22,69,10,66,45,86,Right,55," $60,500,000.00 "," $42,400,000.00 ",DE_PowerRusher,Default Stride Loose,5,75,260,6/14/1993,Michigan
Chiefs,Tanoh Kpassagnon,70,RE,26,79,85,65,77,82,15,6,10,6,6,6,23,37,74,44,6,79,64,20,10,6,41,47,28,64,40,74,77,50,42,32,43,12,81,36,74,19,45,45,84,45,45,45,79,15,29,23,15,62,38,57,45,88,Right,92," $2,970,000.00 "," $1,370,000.00 ",DE_PowerRusher,Long Stride Default,3,79,289,6/14/1994,Villanova
Chiefs,Michael Danna,64,RE,22,80,84,56,75,82,26,6,10,6,6,6,15,47,82,31,6,76,58,10,5,5,16,31,32,56,18,71,81,25,16,37,31,12,86,43,66,14,45,45,77,45,45,45,84,6,13,27,17,62,11,63,45,90,Right,51," $2,898,661.00 "," $260,000.00 ",DE_PowerRusher,Long Stride Default,0,74,257,12/1/1997,Michigan
Chiefs,Laurent Duvernay-Tardif,78,RG,29,71,75,83,69,90,17,6,13,6,6,6,40,10,85,65,6,31,10,30,20,12,30,40,10,10,25,77,45,12,12,15,10,12,86,10,10,78,80,79,15,78,81,80,84,10,21,5,20,54,10,25,75,93,Right,76," $13,700,000.00 "," $8,130,000.00 ",G_Power,Default Stride Awkward,6,77,321,2/11/1991,McGill Univ.
Chiefs,Ryan Hunter,55,RG,25,63,80,53,68,83,25,6,10,6,6,6,15,10,79,30,6,30,15,15,5,5,15,26,10,10,15,69,39,15,12,25,10,12,83,30,10,76,62,60,24,57,62,61,79,10,14,5,17,56,10,20,61,88,Right,60," $1,270,000.00 ", $-   ,G_Power,Default Stride Awkward,2,75,316,4/1/1995,Bowling Green St.
Chiefs,Damien Wilson,72,ROLB,27,81,86,80,76,74,30,6,15,6,6,6,15,35,78,55,6,82,82,15,5,5,15,60,40,51,25,87,79,56,49,42,35,12,85,42,58,19,45,45,83,45,45,45,79,10,20,16,20,70,55,71,45,88,Right,54," $3,280,000.00 "," $2,480,000.00 ",OLB_RunStopper,Default Stride Awkward,5,72,243,5/28/1993,Minnesota
Chiefs,Willie Gay Jr,68,ROLB,22,88,90,69,81,71,25,6,16,6,6,6,31,58,86,56,6,77,62,35,30,24,46,60,57,57,62,90,82,63,59,43,64,12,84,45,49,24,45,45,86,45,45,45,76,14,18,55,28,76,56,65,45,87,Right,50," $5,271,043.00 "," $1,390,000.00 ",OLB_PassCoverage,Default Stride Loose,0,73,243,2/15/1998,Mississippi St.
Chiefs,Mitchell Schwartz,96,RT,31,58,74,98,62,88,11,6,16,6,6,6,15,10,88,40,6,30,28,15,5,5,15,27,10,10,15,73,35,13,12,21,10,12,91,10,10,83,77,82,20,94,98,97,86,10,12,5,15,49,10,25,84,98,Right,71," $7,250,000.00 "," $20,010,000.00 ",OT_PassProtector,Default Stride Awkward,8,77,320,6/8/1989,California
Chiefs,Lucas Niang,64,RT,22,63,73,71,67,85,30,6,10,6,6,6,18,22,82,23,6,24,15,23,13,7,26,30,13,10,24,70,28,20,15,28,18,12,94,15,10,83,67,69,22,70,66,68,82,10,25,9,25,52,10,25,71,87,Right,67," $4,154,858.00 "," $840,000.00 ",OT_Agile,Default Stride Awkward,0,78,315,8/19/1998,TCU
Chiefs,Martinas Rankin,62,RT,25,72,82,66,72,81,18,6,14,6,6,6,15,10,85,24,6,35,10,10,8,5,17,20,12,10,13,72,32,12,12,28,14,12,86,20,10,86,65,71,33,61,67,66,83,11,17,11,25,50,10,32,74,86,Right,74," $2,160,000.00 ", $-   ,OT_Agile,Long Stride Awkward,2,77,311,10/20/1994,Mississippi St.
Chiefs,Tyrann Mathieu,93,SS,28,90,92,95,92,61,35,27,25,26,20,17,25,88,92,68,19,86,90,35,25,20,55,78,85,69,68,88,76,90,90,35,90,33,85,55,41,15,35,35,84,35,35,35,60,84,22,77,25,93,87,59,35,84,Right,32," $15,800,000.00 "," $26,190,000.00 ",S_Hybrid,Short Stride Loose,7,69,190,5/13/1992,LSU
Chiefs,Daniel Sorensen,71,SS,30,83,88,76,93,65,30,10,17,10,10,10,30,56,88,60,10,63,78,30,20,15,50,63,55,54,64,80,68,73,67,40,51,15,85,37,45,18,35,35,76,35,35,35,63,45,25,29,25,86,69,36,35,88,Right,49," $11,780,000.00 "," $4,660,000.00 ",S_Zone,Default Stride Awkward,6,74,208,3/5/1990,BYU
Chiefs,Andrew Soroh,64,SS,24,87,91,55,81,61,31,6,10,6,6,6,26,59,88,58,6,78,58,30,20,15,58,62,62,60,66,88,71,65,62,43,70,27,83,48,53,10,35,35,85,35,35,35,62,45,17,48,21,82,62,64,35,86,Right,37," $610,000.00 ", $-   ,S_RunSupport,Default Stride Loose,0,72,202,2/12/1996,FAU
Chiefs,Rodney Clemons,60,SS,23,84,88,58,83,67,22,6,16,6,6,6,15,52,88,59,6,71,53,20,10,10,52,63,67,56,66,81,65,65,60,51,71,10,84,47,53,14,35,35,75,35,35,35,59,44,21,43,21,83,62,58,35,85,Right,39," $2,280,000.00 "," $10,000.00 ",S_Zone,Default Stride Loose,0,72,209,12/28/1996,SMU
Chiefs,Travis Kelce,97,TE,30,85,88,98,87,79,64,47,33,60,53,49,87,91,98,68,29,42,15,90,85,78,91,90,70,20,93,92,45,14,12,78,83,42,91,82,20,59,65,68,15,62,63,64,74,6,32,76,35,75,10,40,66,88,Right,87," $36,050,000.00 "," $11,100,000.00 ",TE_VerticalThreat,Long Stride High and Tight,7,77,260,10/5/1989,Cincinnati
Chiefs,Ricky Seals-Jones,73,TE,25,84,88,70,79,70,27,10,10,15,10,6,66,76,84,75,6,38,17,73,70,69,79,81,62,10,83,70,36,32,24,61,78,19,78,66,10,38,54,57,29,57,61,62,53,50,19,59,19,77,18,30,56,85,Right,83," $830,000.00 ", $-   ,TE_VerticalThreat,Long Stride Loose,3,77,243,3/15/1995,Texas AM
Chiefs,Deon Yelder,61,TE,25,80,88,70,73,72,27,19,15,24,21,18,62,64,78,70,22,42,25,63,58,53,73,74,57,10,72,80,36,35,20,60,67,16,82,65,10,48,58,59,15,43,48,55,64,51,12,55,15,61,25,38,55,85,Right,82," $750,000.00 ", $-   ,TE_VerticalThreat,Long Stride Loose,2,76,255,3/6/1995,W. Kentucky
Chiefs,James Winchester,31,TE,31,83,86,50,78,67,40,10,10,10,10,10,44,40,69,64,10,55,25,42,37,32,47,60,39,20,49,86,40,25,15,32,37,15,75,38,15,45,40,47,45,40,50,50,60,10,24,20,25,80,25,39,35,88,Right,41," $3,910,000.00 "," $550,000.00 ",TE_VerticalThreat,Default,5,75,240,8/6/1989,Oklahoma
Chiefs,Tyreek Hill,96,WR,26,99,99,95,98,64,36,18,20,27,22,17,90,96,91,80,12,33,26,92,88,96,89,92,85,10,88,93,27,20,10,38,97,28,93,43,10,20,17,59,25,19,19,33,40,92,15,85,13,99,30,21,12,88,Left,10," $31,900,000.00 "," $24,150,000.00 ",WR_DeepThreat,Short Stride Default,4,70,185,3/1/1994,West Alabama
Chiefs,Sammy Watkins,81,WR,27,91,91,86,88,67,40,10,24,20,20,15,81,92,87,74,10,35,15,81,83,82,83,85,88,20,87,87,25,24,15,59,91,22,82,74,15,20,37,59,15,17,18,33,40,81,24,84,24,86,15,40,31,82,Right,14," $21,620,000.00 "," $21,260,000.00 ",WR_DeepThreat,Short Stride Loose,6,73,211,6/14/1993,Clemson
Chiefs,Demarcus Robinson,77,WR,25,89,92,84,92,60,24,18,19,21,18,16,79,77,85,75,14,34,21,76,75,79,79,83,72,11,84,86,23,24,16,38,84,22,76,48,11,26,28,50,15,19,21,38,46,71,22,73,23,84,16,22,22,89,Right,11," $500,000.00 "," $550,000.00 ",WR_DeepThreat,Default Stride Loose,4,73,203,9/21/1994,Florida
Chiefs,Mecole Hardman,76,WR,22,97,95,77,91,60,59,44,29,45,40,41,69,84,85,72,36,51,38,75,75,77,77,84,78,11,80,86,45,41,46,57,83,34,73,57,11,20,18,42,31,10,10,23,41,87,32,75,44,87,41,41,11,85,Right,17," $3,130,000.00 "," $1,870,000.00 ",WR_DeepThreat,Short Stride Loose,1,70,187,3/12/1998,Georgia
Chiefs,Byron Pringle,69,WR,26,91,92,70,87,61,35,10,19,15,10,6,68,78,79,71,6,29,27,75,72,71,76,80,69,10,82,81,39,21,13,50,75,22,80,60,10,24,34,43,12,18,20,35,44,76,16,76,21,78,10,24,32,85,Right,13," $590,000.00 ", $-   ,WR_DeepThreat,Default Stride Loose,2,73,203,11/17/1993,Kansas State
Chiefs,Gehrig Dieter,64,WR,27,86,90,66,81,66,31,22,19,26,22,15,71,70,80,68,24,37,21,68,65,62,78,82,67,11,83,82,27,24,16,50,75,22,82,58,11,25,30,50,15,19,21,44,49,55,11,74,12,80,16,39,25,82,Right,12," $590,000.00 ", $-   ,WR_Physical,Default Stride Loose,4,75,207,2/24/1993,Alabama

