﻿Team,Full Name,Overall Rating,Position,Age,Speed,Acceleration,Awareness,Agility,Strength,Throw Power,Throw On The Run,Throw Under Pressure,Throw Accuracy Short,Throw Accuracy Mid,Throw Accuracy Deep,Release,Ball Carrier Vision,Stamina,Carrying,Play Action,Pursuit,Play Recognition,Short Route Running,Medium Route Running,Deep Route Running,Catch In Traffic,Catching,Spin Move,Finesse Moves,Spectacular Catch,Jumping,Tackle,Zone Coverage,Man Coverage,Trucking,Juke Move,Break Sack,Toughness,Stiff Arm,Power Moves,Lead Blocking,Run Block Power,Run Blocking,Hit Power,Pass Block Finesse,Pass Block Power,Pass Blocking,Impact Blocking,Kick Return,Kick Accuracy,Break Tackle,Kick Power,Change Of Direction,Press,Block Shedding,Run Block Finesse,Injury,Player Handedness,Jersey Number, Total Salary , Signing Bonus ,Archetype,Running Style,Years Pro,Height,Weight,Birthdate,College
Saints,Erik McCoy,78,C,23,73,80,88,62,87,22,6,15,6,6,6,12,10,84,30,6,25,28,10,5,5,10,30,10,12,12,76,35,13,11,20,10,12,88,10,15,88,76,78,22,81,77,79,84,10,21,9,22,59,10,23,80,91,Right,78," $3,370,000.00 "," $2,710,000.00 ",C_Agile,Default Stride Awkward,1,76,315,8/27/1997,Texas AM
Saints,Will Clapp,59,C,23,59,76,70,55,80,14,6,11,6,6,6,15,10,84,29,6,15,10,15,5,5,15,24,10,10,15,72,26,11,10,10,10,15,90,10,10,75,64,65,20,69,66,68,74,10,14,14,19,50,10,19,67,89,Right,64," $2,460,000.00 "," $80,000.00 ",C_Agile,Long Stride Awkward,2,77,309,9/19/1996,LSU
Saints,Cameron Tom,57,C,25,76,82,56,59,85,24,6,13,6,6,6,15,16,79,21,6,29,15,18,8,5,17,28,12,10,15,78,27,15,12,33,17,12,89,28,10,75,66,64,20,65,68,67,77,10,25,8,25,48,10,20,60,94,Right,63," $790,000.00 "," $100,000.00 ",C_Power,Default Stride Awkward,3,76,300,7/21/1995,Southern Miss
Saints,Marshon Lattimore,86,CB,24,93,94,80,91,72,22,6,10,6,6,6,20,74,89,61,6,73,78,34,24,17,60,72,73,44,72,91,68,83,87,23,80,17,71,33,32,15,35,35,69,35,35,35,55,70,25,67,30,92,85,52,35,84,Right,23," $6,550,000.00 "," $19,060,000.00 ",CB_MantoMan,Default,3,72,192,5/20/1996,Ohio State
Saints,Janoris Jenkins,78,CB,31,89,91,77,92,53,12,6,12,6,6,6,20,77,94,54,6,72,79,25,15,10,60,74,75,54,75,84,61,76,79,30,85,20,90,33,32,15,30,30,50,25,30,35,45,75,10,72,12,91,81,52,30,89,Right,20," $17,800,000.00 "," $10,200,000.00 ",CB_MantoMan,Short Stride Loose,8,70,190,10/29/1988,N. Alabama
Saints,Patrick Robinson,74,CB,32,87,91,75,87,61,22,6,15,6,6,6,15,58,91,65,6,77,79,55,45,38,62,65,55,35,65,87,65,75,72,15,76,17,69,22,46,12,35,35,49,35,35,35,52,45,16,57,25,84,76,62,35,87,Right,21," $9,070,000.00 "," $5,100,000.00 ",CB_Slot,Default Stride Loose,10,71,191,9/7/1987,Florida State
Saints,P.J. Williams,74,CB,27,89,94,70,83,66,39,6,17,6,6,6,30,71,88,61,6,83,73,30,20,13,55,63,72,54,62,90,70,68,71,25,74,12,85,35,61,11,35,35,74,35,35,35,51,60,20,52,20,85,77,59,35,90,Right,26," $1,870,000.00 "," $140,000.00 ",CB_Slot,Default Stride Loose,5,72,196,6/1/1993,Florida State
Saints,Johnson Bademosi,68,CB,30,88,87,68,87,67,42,15,13,15,10,10,42,51,85,71,15,66,70,25,15,10,33,64,67,51,60,92,65,71,69,61,65,10,84,45,59,19,35,35,66,35,35,35,49,71,29,47,38,85,70,55,35,92,Right,29," $750,000.00 "," $140,000.00 ",CB_Slot,Default,8,72,219,7/23/1990,Stanford
Saints,Justin Hardee Sr,65,CB,26,93,93,54,84,66,25,15,16,15,10,10,57,69,84,71,15,69,61,59,49,42,71,72,71,52,69,83,57,60,67,51,76,12,78,53,45,10,35,35,60,35,35,33,50,55,20,62,20,83,65,57,35,80,Right,34," $1,130,000.00 "," $370,000.00 ",CB_MantoMan,Short Stride Loose,3,73,200,2/7/1994,Illinois
Saints,Deatrick Nichols,62,CB,26,91,93,50,91,57,22,6,10,6,6,6,15,67,90,61,6,64,52,24,12,10,39,65,67,35,61,88,46,59,63,10,72,16,79,35,30,14,35,35,44,35,35,35,45,45,12,66,17,89,65,46,35,91,Right,35," $680,000.00 ", $-   ,CB_MantoMan,Default Stride Loose,2,70,189,6/8/1994,USF
Saints,Sheldon Rankins,82,DT,26,71,83,89,78,89,23,6,13,6,6,6,15,26,77,40,6,84,86,13,5,3,28,43,17,79,26,83,85,39,28,33,25,12,91,25,84,35,46,45,80,45,44,44,85,9,17,13,17,61,13,73,45,88,Right,98," $12,980,000.00 "," $7,510,000.00 ",DT_PowerRusher,Long Stride High and Tight,4,74,305,4/2/1994,Louisville
Saints,David Onyemata,78,DT,27,69,84,84,72,89,13,6,17,6,6,6,12,13,75,30,6,82,82,10,3,2,10,35,11,65,12,83,81,33,22,26,17,12,85,29,82,28,45,45,81,45,45,44,78,10,12,10,29,57,10,72,45,89,Right,93," $16,000,000.00 "," $7,500,000.00 ",DT_PowerRusher,Default Stride Loose,4,76,300,11/13/1992,Manitoba
Saints,Margus Hunt,74,DT,33,83,87,74,76,86,63,34,26,45,40,35,15,46,73,50,6,84,77,15,8,4,46,60,45,62,45,84,73,29,25,75,49,31,88,65,79,14,45,45,77,45,45,45,80,10,19,20,22,64,35,77,45,85,Right,69," $750,000.00 ", $-   ,DT_RunStopper,Default Stride Awkward,7,80,295,7/14/1987,SMU
Saints,Malcom Brown,72,DT,26,70,81,77,61,85,10,6,14,6,6,6,15,10,63,40,6,78,78,15,7,3,35,39,10,58,39,73,83,29,20,24,10,12,73,25,76,37,45,45,75,45,45,45,87,10,11,10,11,55,10,73,45,92,Right,90," $10,000,000.00 "," $5,000,000.00 ",DT_RunStopper,Default Stride Awkward,5,74,320,2/2/1994,Texas
Saints,Mario Edwards Jr,70,DT,26,76,80,67,69,88,33,6,15,6,6,6,15,15,68,45,6,78,66,15,8,4,15,47,15,60,15,79,81,29,24,25,15,12,75,25,70,17,45,45,88,45,45,45,87,10,25,10,21,61,15,70,45,82,Right,97," $3,750,000.00 "," $950,000.00 ",DT_RunStopper,Default Stride Awkward,5,75,280,4/19/1994,Florida State
Saints,Shy Tuttle,67,DT,24,75,81,62,71,82,16,6,10,6,6,6,15,17,71,30,6,80,60,15,7,3,29,45,30,69,34,70,80,26,22,34,25,12,81,53,61,27,45,45,80,45,45,45,80,10,12,10,15,59,20,73,45,84,Right,99," $1,760,000.00 ", $-   ,DT_RunStopper,Default Stride Loose,1,75,300,10/20/1995,Tennessee
Saints,Taylor Stallworth,65,DT,25,63,78,69,62,81,29,6,16,6,6,6,12,10,75,40,6,76,70,10,3,2,10,30,10,57,12,66,78,23,12,34,10,12,88,27,66,29,45,45,74,45,45,45,78,15,13,10,17,53,10,69,45,87,Right,95," $750,000.00 ", $-   ,DT_RunStopper,Default Stride Awkward,2,74,305,8/18/1995,South Carolina
Saints,Michael Burton,67,FB,28,81,86,81,78,82,30,5,17,15,10,5,55,66,77,73,5,43,15,45,35,27,55,62,60,30,58,82,45,15,10,62,62,12,75,70,25,78,59,65,60,43,48,68,67,35,14,29,14,76,15,28,55,91,Right,32," $500,000.00 "," $390,000.00 ",FB_Blocking,Default,5,72,240,1/1/1992,Rutgers
Saints,Ricky Ortiz,64,FB,26,76,84,56,77,76,25,6,10,6,6,6,52,63,88,67,6,73,46,57,48,40,65,70,55,64,60,81,72,53,40,76,63,12,88,72,74,72,50,58,79,41,45,65,64,10,20,40,20,71,32,68,45,85,Right,30," $670,000.00 ", $-   ,FB_Utility,Default,3,72,233,4/15/1994,Oregon State
Saints,Marcus Williams,85,FS,23,89,90,87,87,70,25,6,18,6,6,6,18,66,93,75,6,84,84,24,14,10,62,79,63,41,68,97,76,82,75,42,76,14,82,45,33,12,35,35,79,35,35,35,57,59,20,49,20,84,65,62,35,90,Right,43," $3,570,000.00 "," $2,680,000.00 ",S_Zone,Default,3,73,195,9/8/1996,Utah
Saints,Saquan Hampton,62,FS,23,87,89,60,85,59,35,6,15,6,6,6,30,71,89,66,6,71,58,32,27,21,44,61,66,40,60,87,65,64,60,30,72,11,82,33,45,17,35,35,76,35,35,35,52,66,25,51,25,82,70,51,35,84,Right,33," $2,540,000.00 "," $180,000.00 ",S_Hybrid,Default Stride Loose,1,73,209,12/12/1996,Rutgers
Saints,Alvin Kamara,88,HB,25,89,94,87,93,77,41,34,15,34,31,23,78,89,91,90,26,34,18,82,76,68,78,77,82,48,76,92,29,24,18,87,90,24,84,92,31,41,29,41,33,23,27,64,39,83,16,90,21,86,17,29,28,85,Right,41," $4,070,000.00 "," $960,000.00 ",HB_ReceivingBack,Default,3,70,215,7/25/1995,Tennessee
Saints,Latavius Murray,80,HB,29,89,92,83,87,74,39,32,17,35,33,27,54,85,86,92,33,35,35,54,47,39,63,67,82,30,56,85,39,25,18,87,86,19,79,86,30,53,46,55,45,38,43,61,50,77,22,84,20,78,15,35,45,81,Right,28," $7,800,000.00 "," $6,600,000.00 ",HB_ElusiveBack,Default,7,75,230,2/21/1991,UCF
Saints,Ty Montgomery II,74,HB,27,88,92,76,86,66,42,35,16,36,25,25,81,79,83,80,15,54,35,71,66,59,75,74,80,10,80,90,45,25,30,69,86,22,68,76,10,54,42,53,15,40,44,56,50,82,21,77,24,83,15,43,38,82,Right,88," $750,000.00 "," $140,000.00 ",HB_ReceivingBack,Default Stride Loose,5,72,216,1/22/1993,Stanford
Saints,Dwayne Washington,68,HB,26,89,89,72,87,73,29,24,11,25,23,20,51,76,84,84,19,31,35,62,55,47,47,62,71,20,41,86,27,25,18,56,79,24,70,80,20,28,20,30,30,25,29,44,26,78,22,76,20,83,15,27,18,81,Right,24," $750,000.00 "," $140,000.00 ",HB_ElusiveBack,Short Stride Loose,4,73,223,4/24/1994,Washington
Saints,Taquan Mizzell Sr,64,HB,26,87,93,59,86,55,35,15,11,35,30,20,54,70,81,68,15,34,20,64,60,58,71,77,81,10,70,82,28,12,12,55,87,25,75,58,10,40,25,38,23,22,26,40,38,75,26,76,25,83,15,26,27,88,Right,44," $660,000.00 ", $-   ,HB_ReceivingBack,Default Stride Loose,4,70,185,10/21/1993,Virginia
Saints,Wil Lutz,78,K,26,71,80,60,62,56,40,15,16,33,15,15,15,10,79,40,15,29,17,15,15,15,15,18,10,10,15,57,26,17,11,10,10,15,70,10,10,16,16,16,13,17,17,17,16,10,89,5,97,54,10,24,16,82,Right,3," $12,000,000.00 "," $8,250,000.00 ",KP_Power,Default Stride Awkward,4,71,184,7/7/1994,Georgia State
Saints,Cameron Jordan,96,LE,31,78,85,98,80,93,30,6,14,6,6,6,20,26,91,40,6,96,97,15,8,4,15,36,25,85,15,76,95,40,30,10,30,12,85,25,97,22,45,45,85,45,45,45,92,10,29,14,33,69,20,92,45,97,Right,94," $44,560,000.00 "," $31,840,000.00 ",DE_PowerRusher,Default Stride Awkward,9,76,287,7/10/1989,California
Saints,Carl Granderson,63,LE,23,79,85,58,73,74,24,6,10,6,6,6,14,40,72,29,6,78,56,18,11,7,29,38,22,69,30,84,75,42,31,31,30,12,81,35,63,18,46,45,74,45,44,45,76,28,14,26,18,66,26,63,45,84,Right,96," $1,760,000.00 ", $-   ,DE_SmallerSpeedRusher,Long Stride Loose,1,77,261,12/18/1996,Wyoming
Saints,Andrus Peat,78,LG,26,66,78,88,63,87,25,6,13,6,6,6,12,10,80,40,6,23,10,10,10,10,10,30,10,10,12,76,34,15,12,25,10,12,89,25,10,79,80,79,20,76,78,77,88,10,22,9,24,54,10,15,76,87,Right,75," $35,510,000.00 "," $22,000,000.00 ",G_Power,Default Stride Awkward,5,79,316,11/4/1993,Stanford
Saints,Nick Easton,65,LG,28,67,86,80,67,83,15,6,15,6,6,6,15,10,86,40,6,45,31,15,5,5,15,25,10,10,15,75,42,11,9,35,10,12,80,10,10,78,66,68,37,68,65,67,75,10,14,5,15,54,10,36,69,91,Right,62," $19,000,000.00 "," $3,500,000.00 ",G_Agile,Default Stride Awkward,5,75,303,6/16/1992,Harvard
Saints,Kiko Alonso,72,LOLB,30,80,85,79,82,69,29,6,13,6,6,6,12,46,96,57,6,82,81,10,5,5,33,76,35,56,66,75,84,64,53,48,39,12,84,42,62,23,45,45,85,45,45,45,83,15,19,10,19,73,55,67,45,78,Right,54," $1,700,000.00 "," $1,450,000.00 ",OLB_RunStopper,Default Stride Awkward,7,75,239,8/14/1990,Oregon
Saints,Zack Baun,69,LOLB,23,85,88,67,83,78,47,45,40,46,40,33,18,46,88,60,41,80,62,30,22,16,43,58,58,67,54,79,80,61,54,34,68,52,90,41,54,19,44,45,81,44,43,45,79,10,19,40,21,75,52,67,44,87,Right,53," $4,690,471.00 "," $1,050,000.00 ",OLB_RunStopper,Default Stride Loose,0,74,225,12/30/1996,Wisconsin
Saints,Terron Armstead,95,LT,29,80,86,94,69,89,30,6,16,6,6,6,45,30,92,62,6,24,17,44,34,26,64,65,25,10,55,84,37,20,15,35,35,12,86,33,10,90,86,89,20,96,95,94,85,10,25,15,25,60,10,25,90,82,Right,72," $35,150,000.00 "," $26,820,000.00 ",OT_PassProtector,Default Stride Awkward,7,77,304,7/23/1991,Arkansas P.B.
Saints,Alex Anzalone,73,MLB,25,85,88,77,84,74,25,6,16,6,6,6,19,35,86,47,6,81,75,22,12,7,33,60,22,57,35,77,81,73,67,34,31,12,72,41,65,24,45,45,83,45,45,45,84,14,18,12,28,74,43,71,45,78,Right,47," $2,610,000.00 "," $850,000.00 ",MLB_PassCoverage,Long Stride Loose,3,75,240,9/22/1994,Florida
Saints,Kaden Elliss,59,MLB,25,82,87,57,87,72,66,44,47,46,41,37,20,49,89,65,33,76,57,23,13,7,50,48,42,63,53,83,77,58,53,38,56,38,83,36,54,19,45,45,84,45,45,45,74,15,15,33,19,77,45,66,45,86,Right,55," $2,540,000.00 "," $50,000.00 ",MLB_RunStopper,Default Stride Loose,1,74,240,7/10/1995,Idaho
Saints,Thomas Morstead,83,P,34,71,75,70,62,69,35,20,17,30,30,25,12,10,90,35,20,30,19,10,10,10,10,30,10,11,12,49,14,15,12,10,10,16,75,10,11,14,15,22,22,13,15,19,20,10,93,9,94,52,10,14,15,95,Right,6," $14,520,000.00 "," $5,930,000.00 ",KP_Accurate,Long Stride Awkward,11,76,235,3/7/1986,SMU
Saints,Drew Brees,93,QB,41,67,72,98,68,53,83,88,98,99,97,89,15,51,77,64,99,25,27,15,15,13,15,38,43,10,15,75,26,21,17,20,67,41,94,25,10,16,16,21,12,20,20,25,26,10,16,34,21,71,10,26,16,97,Right,9," $1,000,000.00 "," $58,800,000.00 ",QB_FieldGeneral,Default,19,71,209,1/15/1979,Purdue
Saints,Jameis Winston,76,QB,26,79,81,71,80,74,90,85,85,85,83,84,15,81,90,57,82,50,19,15,14,12,15,49,74,10,20,78,45,13,12,66,73,91,93,78,10,32,30,37,28,15,15,15,20,10,26,73,30,78,10,45,27,96,Right,2," $950,000.00 "," $150,000.00 ",QB_Improviser,Default,5,76,231,1/6/1994,Florida State
Saints,Taysom Hill,64,QB,30,90,89,76,85,78,84,79,73,76,70,72,64,85,87,73,79,68,41,65,61,56,77,78,78,53,76,92,57,59,53,85,80,76,85,79,44,61,52,59,68,46,49,53,75,79,54,82,69,83,45,54,50,81,Right,7," $5,500,000.00 "," $15,500,000.00 ",QB_Scrambler,Short Stride Default,3,74,221,8/23/1990,BYU
Saints,Tommy Stevens,54,QB,23,81,88,51,83,65,87,74,68,72,64,67,45,81,80,62,74,41,33,44,36,32,47,57,56,25,50,73,43,32,25,71,64,67,82,47,19,34,41,42,42,29,32,37,47,48,47,74,55,76,26,39,38,82,Right,1," $2,715,595.00 "," $80,000.00 ",QB_Scrambler,Long Stride Default,0,77,237,12/15/1996,Mississippi St.
Saints,Marcus Davenport,77,RE,23,85,88,75,76,81,23,6,17,6,6,6,12,26,79,31,6,85,70,10,8,5,18,24,28,71,15,81,84,41,33,28,36,12,89,37,79,16,45,45,78,45,45,45,80,10,16,30,18,68,26,75,45,87,Right,92," $5,660,000.00 "," $8,080,000.00 ",DE_PowerRusher,Long Stride Default,2,78,265,9/4/1996,UTSA
Saints,Trey Hendrickson,74,RE,25,84,89,70,81,79,23,6,14,6,6,6,16,45,76,41,6,77,68,17,10,6,30,44,28,76,27,81,79,38,34,43,39,12,84,42,64,18,45,45,83,45,44,45,80,10,17,28,17,65,37,58,45,92,Right,91," $2,480,000.00 "," $680,000.00 ",DE_SmallerSpeedRusher,Long Stride High and Tight,3,76,270,12/5/1994,FAU
Saints,Noah Spence,73,RE,26,79,87,75,79,79,22,6,11,6,6,6,17,28,74,45,6,77,73,13,6,3,17,35,25,78,19,84,76,33,28,29,30,12,82,33,63,16,44,44,86,44,45,44,86,9,19,25,21,66,22,60,45,85,Right,57," $750,000.00 ", $-   ,DE_SmallerSpeedRusher,Default Stride High and Tight,4,74,251,1/8/1994,E. Kentucky
Saints,Anthony Chickillo,68,RE,27,78,85,69,76,79,25,6,16,6,6,6,20,41,80,54,6,77,71,10,5,5,15,49,39,65,15,84,76,52,46,55,36,12,85,35,73,17,45,45,72,45,45,45,72,10,29,17,32,71,47,58,45,92,Right,58," $820,000.00 "," $70,000.00 ",DE_PowerRusher,Default Stride Awkward,5,75,255,12/10/1992,Miami
Saints,Cesar Ruiz,71,RG,21,70,80,78,55,88,25,6,11,6,6,6,15,15,85,26,6,23,10,15,5,5,15,22,10,10,15,80,27,12,12,25,10,12,90,10,10,85,71,70,25,71,75,73,83,10,11,9,11,56,10,17,68,92,Right,51," $12,680,000.00 "," $6,780,000.00 ",G_Power,Default Stride Awkward,0,75,316,6/14/1999,Michigan
Saints,Patrick Omameh,60,RG,30,61,76,77,62,82,12,6,16,6,6,6,15,10,82,40,6,35,15,15,5,5,15,32,10,30,15,65,40,14,12,25,10,12,80,10,30,79,66,64,20,65,60,64,78,10,15,10,11,50,10,41,62,92,Right,60," $750,000.00 "," $140,000.00 ",G_Power,Default Stride Awkward,7,76,327,12/29/1989,Michigan
Saints,Calvin Throckmorton,60,RG,24,53,71,66,51,85,30,6,10,6,6,6,24,35,82,30,6,50,45,25,22,19,30,40,15,35,34,68,49,20,15,24,22,12,93,33,46,77,64,63,65,62,66,65,80,10,21,31,22,48,10,44,61,90,Right,66," $2,180,000.00 "," $120,000.00 ",G_Power,Default Stride Awkward,0,77,311,8/16/1996,Oregon
Saints,Demario Davis,89,ROLB,31,86,89,88,81,85,25,6,16,6,6,6,12,20,94,62,6,90,90,15,5,5,15,60,15,62,15,86,91,76,70,45,25,12,90,45,54,24,45,45,86,45,45,45,84,10,20,25,26,73,40,81,45,91,Right,56," $14,150,000.00 "," $9,850,000.00 ",OLB_RunStopper,Long Stride Awkward,8,74,248,1/11/1989,Arkansas St.
Saints,Craig Robertson,66,ROLB,32,77,84,66,80,68,30,6,10,6,6,6,15,27,81,55,6,80,64,15,5,5,15,70,30,50,25,72,82,65,58,44,40,12,85,40,56,24,45,45,80,45,45,45,84,10,20,17,20,71,56,65,45,87,Right,52," $2,250,000.00 "," $1,850,000.00 ",OLB_RunStopper,Default Stride Awkward,9,73,234,2/11/1988,North Texas
Saints,Ryan Ramczyk,91,RT,26,63,67,96,73,90,16,6,14,6,6,6,32,17,92,43,6,42,28,25,15,7,30,39,13,30,25,76,38,12,12,26,26,12,94,28,40,89,90,90,40,91,93,92,88,10,23,11,21,55,10,37,91,89,Right,71," $4,790,000.00 "," $15,170,000.00 ",OT_PassProtector,Default Stride Awkward,3,78,314,4/22/1994,Wisconsin
Saints,James Hurst,66,RT,28,52,72,80,66,80,30,6,10,6,6,6,40,10,76,64,6,29,20,15,5,5,25,42,10,15,15,60,41,15,13,20,10,12,75,19,25,79,70,69,20,70,75,73,80,10,21,8,22,45,10,39,67,87,Right,67," $750,000.00 "," $140,000.00 ",OT_Power,Default Stride Awkward,6,77,312,12/17/1991,North Carolina
Saints,Ethan Greenidge,55,RT,22,57,71,54,64,84,16,6,7,6,6,6,15,10,80,40,6,23,24,15,5,5,15,23,10,10,15,64,14,12,16,10,10,12,84,10,10,78,62,64,20,63,60,62,76,10,29,8,14,37,10,14,65,85,Right,73," $1,750,000.00 "," $10,000.00 ",OT_Agile,Default Stride Awkward,1,76,335,9/10/1997,Villanova
Saints,Malcolm Jenkins,85,SS,32,86,91,84,90,67,21,6,14,6,6,6,30,75,97,58,6,83,87,50,40,35,56,78,75,55,67,90,75,87,79,40,82,15,92,26,56,15,35,35,81,35,35,35,60,25,19,35,22,83,80,65,35,97,Right,27," $16,750,000.00 "," $15,250,000.00 ",S_RunSupport,Default,11,72,204,12/20/1987,Ohio State
Saints,Chauncey Gardner-Johnson,80,SS,22,90,90,84,85,68,25,15,20,15,10,10,26,68,85,64,15,78,81,28,21,15,61,71,65,48,66,86,68,79,76,38,74,12,81,25,31,19,35,35,77,35,35,35,61,64,50,53,65,86,74,58,35,88,Right,22," $2,540,000.00 "," $760,000.00 ",S_Hybrid,Default Stride Loose,1,71,210,12/20/1997,Florida
Saints,D.J. Swearinger Sr,73,SS,29,85,90,68,89,67,34,15,13,15,10,10,15,52,93,64,15,82,65,20,10,10,57,70,65,54,71,86,72,77,71,45,73,15,88,39,63,24,35,35,93,35,35,35,69,35,15,25,20,78,81,60,35,93,Right,36," $800,000.00 ", $-   ,S_RunSupport,Default,6,70,205,9/1/1991,South Carolina
Saints,J.T. Gray,62,SS,24,90,89,54,84,65,31,6,10,6,6,6,26,58,90,58,6,78,52,30,20,15,51,62,59,46,62,81,73,63,56,54,66,27,78,61,40,10,35,35,76,35,35,35,53,60,14,51,17,82,61,54,35,87,Right,48," $660,000.00 ", $-   ,S_Zone,Default Stride Loose,2,72,202,1/18/1996,Mississippi St.
Saints,Jared Cook,87,TE,33,85,90,95,80,71,25,10,15,15,10,6,82,81,93,73,6,35,21,82,77,74,86,85,79,10,88,91,44,24,10,68,78,12,86,81,10,48,50,56,12,58,56,59,63,11,19,74,15,71,10,43,53,84,Right,87," $7,500,000.00 "," $5,500,000.00 ",TE_VerticalThreat,Long Stride High and Tight,11,77,254,4/7/1987,South Carolina
Saints,Josh Hill,76,TE,30,82,85,79,82,74,40,16,15,19,17,14,74,68,85,69,15,46,20,76,71,62,79,81,65,10,82,87,35,20,15,68,64,15,85,66,10,50,59,62,15,58,60,62,65,30,20,56,20,76,15,44,62,89,Right,89," $7,680,000.00 "," $4,010,000.00 ",TE_VerticalThreat,Long Stride High and Tight,7,77,250,5/21/1990,Idaho State
Saints,Adam Trautman,68,TE,23,80,86,54,88,74,65,56,47,61,54,47,66,73,79,76,48,34,16,66,62,55,79,82,66,10,81,85,33,19,13,69,66,48,89,70,10,54,61,62,31,59,56,60,68,35,20,63,27,73,17,31,62,92,Right,82," $4,057,645.00 "," $830,000.00 ",TE_VerticalThreat,Default,0,77,255,2/5/1997,Dayton
Saints,Garrett Griffin,62,TE,26,80,86,59,77,68,26,20,10,20,18,14,66,54,82,67,22,57,31,62,57,52,73,72,52,55,68,86,60,40,33,72,62,11,88,69,63,56,54,57,68,66,68,69,72,18,19,51,21,67,26,58,56,87,Right,45," $750,000.00 ", $-   ,TE_Possession,Long Stride Default,4,76,240,3/4/1994,Air Force
Saints,Cole Wick,61,TE,26,75,85,49,78,70,20,6,10,6,6,6,70,67,80,70,6,35,22,62,56,51,75,76,63,17,74,86,37,21,14,67,70,13,81,67,17,48,63,67,27,52,57,58,63,18,19,63,21,72,17,34,65,86,Right,85," $660,000.00 ", $-   ,TE_Possession,Long Stride High and Tight,4,78,257,11/30/1993,Incarnate Word
Saints,Jason Vander Laan,58,TE,27,79,88,54,85,74,70,75,24,61,56,51,63,67,83,67,53,39,26,55,50,45,73,73,63,25,65,75,36,21,14,73,71,28,87,64,20,54,62,62,35,50,53,53,69,50,19,63,21,80,17,37,55,88,Right,86," $750,000.00 ", $-   ,TE_Possession,Long Stride Default,3,75,245,9/22/1992,Ferris State
Saints,Zach Wood,26,TE,27,67,77,63,69,75,39,10,10,10,10,10,20,42,78,43,10,68,36,24,19,15,42,46,27,58,38,70,69,33,24,41,36,12,82,57,71,48,39,51,71,40,50,60,63,10,24,20,25,64,25,63,34,86,Left,49," $4,080,000.00 "," $710,000.00 ",TE_Blocking,Long Stride Loose,3,75,255,1/10/1993,SMU
Saints,Michael Thomas,99,WR,27,89,92,99,92,77,24,10,22,15,10,6,98,91,99,77,6,19,16,99,98,91,98,99,79,11,98,94,27,18,16,58,89,23,99,83,11,25,38,52,15,14,15,40,45,25,22,82,23,90,16,22,31,93,Right,13," $62,750,000.00 "," $35,130,000.00 ",WR_RouteRunner,Default,4,75,212,3/3/1993,Ohio State
Saints,Emmanuel Sanders,87,WR,33,88,91,88,91,43,50,10,31,42,35,33,85,89,87,69,22,35,20,90,90,89,88,94,86,10,89,90,25,25,13,30,88,29,80,35,10,20,36,57,12,11,10,26,40,82,30,84,30,86,18,35,33,87,Right,17," $6,500,000.00 ", $-   ,WR_RouteRunner,Short Stride Loose,10,71,180,3/17/1987,SMU
Saints,Tre'Quan Smith,74,WR,24,89,90,77,85,67,35,15,18,15,10,10,75,83,85,77,15,35,15,79,78,76,83,83,74,10,84,89,34,18,10,64,82,20,87,77,10,29,34,60,25,24,27,33,49,55,14,75,18,77,15,30,30,92,Right,10," $2,610,000.00 "," $800,000.00 ",WR_DeepThreat,Default Stride Loose,2,74,210,1/7/1996,UCF
Saints,Deonte Harris,70,WR,22,91,93,75,89,50,25,15,19,35,30,20,66,78,83,72,15,29,25,68,69,72,77,79,75,10,79,80,17,25,11,26,83,27,76,46,10,23,25,39,12,11,13,25,37,88,15,70,19,90,10,26,27,80,Right,11," $1,730,000.00 "," $30,000.00 ",WR_DeepThreat,Short Stride Loose,1,66,170,12/4/1997,Assumption
Saints,Maurice Harris,69,WR,27,87,89,69,87,63,44,56,20,44,39,36,70,69,81,74,41,37,21,75,73,70,79,86,67,11,83,86,48,48,44,57,73,22,81,62,11,37,30,50,40,19,21,42,57,65,22,74,23,79,46,39,24,88,Right,16," $740,000.00 ", $-   ,WR_Slot,Long Stride Default,4,75,205,11/11/1992,California
Saints,Austin Carr,68,WR,26,86,89,63,91,57,55,47,26,49,48,43,59,72,81,69,37,37,20,74,75,69,78,83,77,10,75,81,46,26,18,56,82,23,85,57,10,32,29,45,48,12,12,38,51,73,16,73,20,89,15,32,23,88,Right,80," $830,000.00 ", $-   ,WR_Slot,Default,3,73,195,12/25/1993,Northwestern
Saints,Tommylee Lewis,64,WR,27,90,90,67,89,54,35,26,21,33,29,18,57,78,81,67,22,37,21,65,66,67,75,78,76,11,73,82,27,24,16,33,83,22,77,43,11,22,28,46,15,19,21,29,42,72,22,74,23,87,16,28,21,84,Right,15," $740,000.00 ", $-   ,WR_DeepThreat,Short Stride Default,4,67,168,10/24/1992,N. Illinois
Saints,Lil'Jordan Humphrey,64,WR,22,82,86,60,81,67,40,29,23,37,31,27,67,78,79,73,24,30,16,69,67,63,82,81,74,10,82,82,31,19,12,61,76,30,80,71,10,20,23,49,28,18,20,29,40,75,12,77,17,81,16,27,17,89,Right,84," $670,000.00 ", $-   ,WR_Physical,Long Stride Default,1,76,225,4/19/1998,Texas
Saints,Krishawn Hogan,58,WR,25,87,91,50,90,64,33,31,19,28,24,20,63,74,79,69,25,33,14,61,61,57,76,76,68,10,77,87,26,28,17,38,74,22,80,52,10,24,20,52,29,15,20,36,44,62,16,73,22,82,16,27,11,92,Right,81," $670,000.00 ", $-   ,WR_Physical,Long Stride Default,3,75,222,5/12/1995,Marian

