﻿Team,Full Name,Overall Rating,Position,Age,Speed,Acceleration,Awareness,Agility,Strength,Throw Power,Throw On The Run,Throw Under Pressure,Throw Accuracy Short,Throw Accuracy Mid,Throw Accuracy Deep,Release,Ball Carrier Vision,Stamina,Carrying,Play Action,Pursuit,Play Recognition,Short Route Running,Medium Route Running,Deep Route Running,Catch In Traffic,Catching,Spin Move,Finesse Moves,Spectacular Catch,Jumping,Tackle,Zone Coverage,Man Coverage,Trucking,Juke Move,Break Sack,Toughness,Stiff Arm,Power Moves,Lead Blocking,Run Block Power,Run Blocking,Hit Power,Pass Block Finesse,Pass Block Power,Pass Blocking,Impact Blocking,Kick Return,Kick Accuracy,Break Tackle,Kick Power,Change Of Direction,Press,Block Shedding,Run Block Finesse,Injury,Player Handedness,Jersey Number, Total Salary , Signing Bonus ,Archetype,Running Style,Years Pro,Height,Weight,Birthdate,College
Steelers,Maurkice Pouncey,86,C,31,62,79,92,68,91,12,6,14,6,6,6,15,10,88,32,6,29,10,15,5,5,15,34,10,10,15,68,35,12,12,35,10,12,89,10,10,88,86,85,20,82,85,83,92,10,10,11,15,52,10,24,83,87,Right,53," $16,950,000.00 "," $13,000,000.00 ",C_Power,Default Stride Awkward,10,76,304,7/24/1989,Florida
Steelers,J.C. Hassenauer,52,C,24,65,78,58,55,84,31,6,13,6,6,6,15,10,85,40,6,35,26,15,5,5,15,30,10,10,15,69,35,19,11,21,10,12,84,10,10,73,59,62,20,61,58,59,75,10,12,6,16,49,10,29,63,87,Right,60," $590,000.00 ", $-   ,C_Agile,Default Stride Awkward,2,74,295,9/15/1995,Alabama
Steelers,Joe Haden,83,CB,31,88,90,91,89,66,35,6,12,6,6,6,25,82,98,60,6,70,85,20,10,10,50,76,81,48,68,93,52,81,84,35,85,14,83,15,55,13,35,35,72,35,35,35,53,25,11,75,10,87,85,47,35,95,Right,23," $2,250,000.00 "," $19,100,000.00 ",CB_MantoMan,Default Stride Loose,10,71,195,4/14/1989,Florida
Steelers,Mike Hilton,81,CB,26,87,89,85,90,65,22,19,11,26,20,17,24,66,86,57,18,83,89,29,19,12,61,64,71,28,63,81,65,86,81,31,75,16,80,46,37,12,15,26,36,23,23,16,42,69,10,59,11,89,78,61,15,87,Right,28," $3,260,000.00 ", $-   ,CB_Slot,Short Stride Default,4,69,184,3/9/1994,Ole Miss
Steelers,Steven Nelson,81,CB,27,89,89,86,91,74,26,6,13,6,6,6,15,55,90,59,6,80,82,16,11,10,48,68,70,32,60,85,60,79,84,20,72,15,87,25,25,12,35,35,60,35,35,35,52,65,14,55,15,89,82,63,35,94,Right,22," $18,000,000.00 "," $7,500,000.00 ",CB_MantoMan,Default Stride Loose,5,71,194,1/22/1993,Oregon State
Steelers,Justin Layne,70,CB,22,89,89,66,87,55,35,10,10,15,10,6,50,70,87,64,6,75,64,56,46,39,65,69,67,45,66,89,59,69,71,42,74,12,86,40,30,11,34,34,50,22,22,28,45,45,22,55,25,90,77,51,35,90,Right,31," $2,760,000.00 "," $920,000.00 ",CB_MantoMan,Long Stride Loose,1,74,192,1/12/1998,Michigan St.
Steelers,Cameron Sutton,69,CB,25,88,90,70,91,69,24,6,12,6,6,6,20,75,93,62,6,64,68,26,16,11,64,69,68,36,62,82,55,67,71,31,85,13,79,33,29,19,35,35,59,35,35,35,49,83,18,63,22,87,71,46,35,88,Right,20," $2,490,000.00 "," $720,000.00 ",CB_MantoMan,Short Stride High and Tight,3,71,188,2/27/1995,Tennessee
Steelers,Arrion Springs,61,CB,23,90,92,53,83,65,41,28,23,36,29,25,29,70,89,59,21,68,52,34,27,24,60,63,66,44,63,78,55,60,64,25,71,29,84,28,37,13,35,35,51,35,35,35,53,35,12,57,16,78,70,47,35,87,Right,33," $610,000.00 ", $-   ,CB_MantoMan,Default Stride Loose,2,71,208,9/9/1996,Oregon
Steelers,Breon Borders,59,CB,25,89,92,54,85,65,27,6,15,6,6,6,20,68,91,65,6,75,56,24,14,11,65,70,72,34,61,82,59,58,56,39,77,13,83,43,27,17,33,25,63,34,33,25,47,61,17,63,18,83,66,55,34,90,Right,24," $750,000.00 ", $-   ,CB_Slot,Default,4,72,189,7/22/1995,Duke
Steelers,Chris Wormley,67,DT,26,77,88,65,78,83,21,6,13,6,6,6,16,27,74,27,6,80,62,13,6,3,22,31,15,62,18,77,77,29,21,39,27,12,81,33,75,14,45,45,80,45,45,45,84,10,13,14,10,59,15,59,45,90,Right,95," $3,970,000.00 "," $660,000.00 ",DT_PowerRusher,Long Stride Loose,3,77,300,10/25/1993,Michigan
Steelers,Dan McCullers,66,DT,28,60,71,73,51,88,25,6,13,6,6,6,15,10,60,39,6,72,72,15,7,3,15,30,10,46,15,60,81,25,20,20,10,12,78,25,73,34,45,45,68,45,45,45,84,10,17,10,23,47,10,64,45,88,Right,93," $2,500,000.00 "," $250,000.00 ",DT_PowerRusher,Default Stride Awkward,6,79,352,8/11/1992,Tennessee
Steelers,Derek Watt,71,FB,27,80,86,77,75,74,27,10,15,20,15,10,50,74,87,77,10,48,20,61,51,43,56,69,62,35,51,83,42,20,15,77,70,12,90,73,30,72,50,60,45,41,46,65,60,32,19,41,19,75,20,33,45,90,Right,44," $6,500,000.00 "," $3,240,000.00 ",FB_Utility,Default Stride High and Tight,4,74,234,11/7/1992,Wisconsin
Steelers,Minkah Fitzpatrick,87,FS,23,90,93,89,92,64,15,6,16,6,6,6,29,81,93,66,6,81,86,28,23,18,59,71,69,50,62,90,65,88,82,47,79,18,88,55,38,18,35,35,81,35,35,35,58,68,13,58,15,89,75,55,35,94,Right,39," $6,410,000.00 "," $2,510,000.00 ",S_Zone,Short Stride Loose,2,73,207,11/17/1996,Alabama
Steelers,Marcus Allen,63,FS,24,85,90,57,79,57,25,10,23,10,10,10,12,47,91,57,10,78,55,15,13,10,45,57,51,37,61,88,73,64,58,27,54,10,85,39,31,23,35,35,86,35,35,35,64,10,10,39,15,79,64,59,35,92,Right,27," $660,000.00 ", $-   ,S_RunSupport,Default Stride Loose,2,74,215,8/8/1996,Penn State
Steelers,James Conner,81,HB,25,86,89,83,82,83,23,20,11,18,14,10,61,86,92,89,10,35,17,65,58,51,58,70,85,49,71,76,33,15,10,86,84,20,85,90,30,51,42,55,37,39,45,57,49,55,16,87,18,81,15,28,41,88,Right,30," $2,480,000.00 "," $680,000.00 ",HB_PowerBack,Default,3,73,233,5/5/1995,Pittsburgh
Steelers,Benny Snell Jr,72,HB,22,85,87,78,82,74,32,27,18,34,27,19,52,82,90,91,16,37,24,60,53,40,59,64,77,10,58,73,37,21,14,82,82,28,89,81,14,44,32,41,32,37,40,55,44,75,22,81,20,80,19,34,26,94,Right,24," $2,520,000.00 "," $700,000.00 ",HB_ElusiveBack,Default,1,70,224,2/26/1998,Kentucky
Steelers,Jaylen Samuels,72,HB,24,88,88,74,85,70,38,33,26,40,36,32,66,79,88,81,20,37,22,76,74,69,80,73,73,10,78,83,30,12,13,76,78,27,86,72,10,68,55,57,26,39,43,59,56,13,19,72,11,82,20,28,50,91,Right,38," $2,460,000.00 "," $240,000.00 ",HB_ReceivingBack,Default Stride Loose,2,72,225,7/20/1996,N.C. State
Steelers,Anthony McFarland,67,HB,21,91,89,62,89,67,26,15,11,20,15,10,47,75,80,82,16,25,14,55,47,38,57,62,71,10,54,76,25,15,10,69,81,21,78,71,10,27,21,28,16,28,26,40,29,60,13,75,18,89,15,20,24,85,Right,26," $3,357,428.00 "," $720,000.00 ",HB_ElusiveBack,Default,0,68,193,3/4/1999,Maryland
Steelers,Trey Edmunds,64,HB,25,90,90,67,81,71,26,25,11,28,24,19,44,71,88,78,19,38,20,52,45,37,59,61,78,10,54,85,29,20,15,71,83,21,68,66,10,63,39,48,20,23,28,45,61,68,25,73,25,78,18,11,39,81,Right,33," $740,000.00 ", $-   ,HB_ElusiveBack,Default Stride High and Tight,3,74,223,12/30/1994,Maryland
Steelers,Kerrith Whyte Jr,64,HB,23,92,89,66,79,66,23,16,13,20,15,10,49,75,76,84,15,34,22,58,51,44,56,63,71,10,55,90,29,28,20,58,78,20,73,59,10,27,23,29,22,29,30,48,31,82,13,73,17,81,23,23,18,87,Right,40," $590,000.00 ", $-   ,HB_ElusiveBack,Default,1,70,204,10/31/1996,FAU
Steelers,Chris Boswell,82,K,29,73,80,70,66,44,29,10,20,37,33,27,12,10,84,45,10,10,10,10,10,10,10,29,10,10,12,65,35,12,12,15,10,12,49,10,10,10,10,24,15,10,10,16,10,10,91,12,92,56,10,10,10,92,Right,9," $12,250,000.00 "," $7,470,000.00 ",KP_Accurate,Default,6,74,185,3/16/1991,Rice
Steelers,Stephon Tuitt,87,LE,27,74,82,94,68,91,24,6,14,6,6,6,12,19,73,50,6,87,94,10,3,2,15,47,20,65,15,71,87,29,20,30,15,12,78,27,87,19,45,45,82,45,45,45,89,10,17,10,15,60,10,90,45,84,Right,91," $28,650,000.00 "," $28,800,000.00 ",DE_RunStopper,Default Stride Awkward,6,78,303,5/23/1993,Notre Dame
Steelers,Tyson Alualu,72,LE,33,72,82,79,69,86,27,6,14,6,6,6,12,10,67,35,6,76,82,10,3,2,10,28,10,48,12,75,80,29,21,22,10,12,80,10,70,15,45,45,84,45,45,45,85,10,30,10,33,62,10,75,45,95,Right,94," $4,000,000.00 "," $1,760,000.00 ",DE_RunStopper,Default Stride Awkward,10,75,304,5/12/1987,California
Steelers,Carlos Davis,61,LE,24,78,85,54,61,85,29,6,10,6,6,6,12,10,74,40,6,76,51,15,10,6,10,30,10,60,12,76,78,20,12,28,10,12,83,32,63,48,47,50,78,45,45,47,77,15,21,10,26,59,10,62,49,85,Right,73," $2,728,503.00 "," $90,000.00 ",DE_PowerRusher,Default Stride Awkward,0,74,320,8/22/1996,Nebraska
Steelers,Stefen Wisniewski,68,LG,31,59,76,77,63,85,33,6,14,6,6,6,25,10,84,40,6,29,18,20,10,6,20,22,10,10,25,71,35,13,7,10,10,12,94,10,10,86,72,69,20,65,68,67,82,10,36,8,33,56,10,16,67,94,Right,61," $2,480,000.00 "," $370,000.00 ",G_Power,Default Stride Awkward,9,75,305,3/22/1989,Penn State
Steelers,Kevin Dotson,63,LG,23,66,79,63,60,90,25,6,11,6,6,6,15,15,90,28,6,28,22,15,5,5,15,30,10,10,15,78,34,12,12,25,10,12,92,10,10,83,68,67,25,60,63,62,88,10,11,9,11,53,10,30,66,94,Right,69," $3,293,814.00 "," $650,000.00 ",G_Power,Default Stride Awkward,0,76,321,9/18/1996,UL Lafayette
Steelers,T.J. Watt,86,LOLB,25,83,89,89,84,77,25,6,16,6,6,6,22,49,87,53,6,90,87,24,14,7,42,60,37,88,46,88,82,62,57,52,46,12,88,43,80,16,45,45,85,45,45,45,76,6,17,23,23,72,43,81,45,88,Right,90," $4,900,000.00 "," $14,470,000.00 ",OLB_SpeedRusher,Long Stride Loose,3,76,252,10/11/1994,Wisconsin
Steelers,Tuzar Skipper,63,LOLB,25,76,84,54,80,80,25,6,15,6,6,6,17,25,79,41,6,77,52,17,13,7,33,52,38,60,35,80,79,47,41,47,44,12,88,35,71,21,45,45,79,45,45,45,77,10,20,26,20,67,36,65,45,87,Right,51," $2,030,000.00 ", $-   ,OLB_PowerRusher,Long Stride Loose,1,75,246,6/5/1995,Toledo
Steelers,Alejandro Villanueva,82,LT,31,71,80,89,74,87,22,6,14,6,6,6,69,60,74,71,6,61,40,44,34,26,65,68,47,45,72,77,39,15,11,55,57,12,98,65,55,84,84,81,62,83,84,84,86,10,19,26,19,56,10,56,77,88,Right,78," $12,210,000.00 "," $11,800,000.00 ",OT_Power,Default Stride Awkward,6,81,325,9/22/1988,Army
Steelers,Chukwuma Okorafor,66,LT,23,62,76,63,61,83,18,6,13,6,6,6,13,10,88,27,6,26,18,15,10,7,15,24,10,14,12,61,28,13,11,24,10,12,81,10,18,76,71,74,29,73,69,72,77,10,13,12,18,54,10,24,75,91,Right,76," $2,590,000.00 "," $800,000.00 ",OT_Agile,Long Stride Awkward,2,78,320,8/8/1997,W. Michigan
Steelers,Jarron Jones,57,LT,26,58,74,57,61,83,22,6,10,6,6,6,13,27,74,24,6,68,49,17,7,5,20,31,22,64,16,63,73,31,22,32,26,12,76,34,70,79,62,64,75,64,60,66,78,10,20,13,20,51,18,70,67,86,Right,79," $610,000.00 ", $-   ,OT_Agile,Long Stride Loose,3,78,316,3/11/1994,Notre Dame
Steelers,Derwin Gray,57,LT,25,64,77,58,54,86,35,6,10,6,6,6,15,21,81,22,6,33,10,19,9,6,23,27,12,12,18,66,34,12,12,33,17,12,84,31,18,76,64,63,38,62,65,64,78,15,21,9,25,49,10,37,61,83,Right,77," $1,110,000.00 ", $-   ,OT_Power,Default Stride Awkward,2,76,320,5/10/1995,Maryland
Steelers,Vince Williams,77,MLB,30,82,84,86,74,75,29,6,12,6,6,6,25,40,87,60,6,87,87,15,5,5,25,55,49,57,20,79,86,63,55,35,51,12,85,50,71,21,45,45,88,45,45,45,81,10,21,10,25,70,62,75,45,81,Right,98," $9,910,000.00 "," $11,190,000.00 ",MLB_RunStopper,Default Stride Awkward,7,73,233,12/27/1989,Florida State
Steelers,Devin Bush,76,MLB,22,90,92,80,86,74,14,6,10,6,6,6,14,36,90,56,6,84,77,13,5,5,55,63,34,63,57,92,83,69,62,33,41,12,89,36,60,22,45,45,88,45,45,45,70,10,13,19,12,82,51,70,45,89,Right,55," $2,000,000.00 "," $16,870,000.00 ",MLB_FieldGeneral,Default Stride Loose,1,71,234,7/18/1998,Michigan
Steelers,Ulysees Gilbert III,62,MLB,23,88,90,60,83,68,23,6,10,6,6,6,13,50,86,61,6,77,57,15,5,5,41,56,44,51,41,93,81,63,56,35,53,12,83,34,46,22,45,45,77,45,45,45,69,10,12,35,18,74,46,66,45,87,Right,54," $2,540,000.00 "," $120,000.00 ",MLB_FieldGeneral,Default Stride Loose,1,72,225,8/9/1997,Akron
Steelers,Robert Spillane,60,MLB,24,80,82,55,79,71,21,6,10,6,6,6,12,43,84,60,6,80,58,15,5,5,42,58,38,50,33,79,81,61,54,45,46,12,82,40,56,16,45,45,82,45,45,45,75,10,12,31,18,73,46,64,45,86,Right,41," $590,000.00 ", $-   ,MLB_RunStopper,Default Stride Loose,2,73,229,12/14/1995,W. Michigan
Steelers,Jordan Berry,75,P,29,73,80,63,59,55,40,18,15,25,25,20,12,10,90,35,16,35,27,10,10,10,10,32,15,12,12,56,27,12,13,10,12,18,55,15,12,14,16,33,19,16,19,33,33,10,79,11,91,53,10,25,16,88,Right,4," $2,950,000.00 "," $750,000.00 ",KP_Power,Long Stride Awkward,5,77,195,3/18/1991,E. Kentucky
Steelers,Ben Roethlisberger,81,QB,38,72,78,90,67,82,88,83,83,88,86,83,15,69,85,60,83,52,19,15,14,12,15,52,54,10,15,73,47,13,12,65,59,85,98,77,10,10,12,12,12,15,15,15,12,10,59,64,63,63,10,45,12,86,Right,7," $28,000,000.00 "," $63,700,000.00 ",QB_FieldGeneral,Default,16,77,240,3/2/1982,Miami Univ.
Steelers,Mason Rudolph,63,QB,25,76,83,64,71,69,84,71,79,84,76,78,18,65,67,66,76,32,20,24,19,15,24,40,42,10,20,71,31,16,10,53,56,67,87,46,10,20,13,17,17,10,13,14,24,14,16,51,20,68,10,22,10,91,Right,2," $2,990,000.00 "," $920,000.00 ",QB_FieldGeneral,Long Stride High and Tight,2,77,235,7/17/1995,Oklahoma St.
Steelers,Devlin Hodges,58,QB,24,77,84,62,71,56,83,71,75,80,73,75,15,54,68,57,77,24,22,10,10,10,10,33,42,10,10,78,14,12,10,36,48,57,84,23,10,15,10,17,12,20,27,21,25,10,50,50,57,73,10,22,10,85,Right,6," $590,000.00 ", $-   ,QB_FieldGeneral,Default Stride Loose,1,73,210,4/12/1996,Samford
Steelers,Paxton Lynch,56,QB,26,78,84,61,79,74,86,72,68,74,64,64,19,76,72,63,75,28,21,18,16,14,20,36,43,9,20,80,24,18,12,68,56,72,88,44,9,20,10,28,34,18,14,17,28,17,20,60,21,76,9,21,10,84,Right,5," $740,000.00 ", $-   ,QB_Scrambler,Default,3,79,244,2/12/1994,Memphis
Steelers,J.T. Barrett IV,50,QB,25,82,87,47,76,66,79,72,67,70,66,66,15,79,69,67,67,34,21,18,16,14,20,23,66,9,16,74,25,17,12,52,74,69,91,55,9,25,18,28,18,18,14,14,35,25,15,71,19,75,9,20,12,86,Right,16," $1,110,000.00 ", $-   ,QB_Scrambler,Default,3,74,220,1/23/1995,Ohio State
Steelers,Cameron Heyward,90,RE,31,71,79,97,70,94,21,6,18,6,6,6,12,29,86,39,6,91,96,10,3,2,10,25,10,73,12,74,91,29,22,36,10,12,88,46,92,17,45,45,87,45,45,45,87,10,11,11,12,60,10,87,45,89,Right,97," $34,950,000.00 "," $24,310,000.00 ",DE_PowerRusher,Long Stride Awkward,9,77,295,5/6/1989,Ohio State
Steelers,Isaiah Buggs,64,RE,24,67,79,68,60,83,20,6,10,6,6,6,31,39,71,40,6,76,67,15,8,4,20,36,31,55,25,63,76,28,20,35,28,12,81,40,67,18,45,45,74,45,45,45,79,10,20,24,20,54,37,72,45,88,Right,96," $2,540,000.00 "," $160,000.00 ",DE_RunStopper,Default Stride Awkward,1,75,295,8/24/1996,Alabama
Steelers,Josiah Coatney,61,RE,24,65,79,55,51,84,10,6,14,6,6,6,15,20,76,24,6,77,57,15,7,3,20,21,17,57,19,68,79,26,20,20,24,12,88,26,64,23,45,45,76,45,45,45,82,10,6,16,8,53,10,72,45,87,Right,65," $2,270,000.00 "," $20,000.00 ",DE_RunStopper,Default Stride Awkward,0,75,325,1/4/1996,Ole Miss
Steelers,Calvin Taylor,59,RE,23,69,82,62,70,80,20,6,17,6,6,6,15,15,73,43,6,76,59,15,15,15,15,32,12,62,15,83,73,24,15,25,15,12,80,27,59,14,45,45,76,45,45,45,77,10,16,10,15,60,16,64,45,84,Right,67," $2,280,000.00 "," $10,000.00 ",DE_RunStopper,Long Stride Awkward,0,81,310,12/24/1996,Kentucky
Steelers,David DeCastro,91,RG,30,59,79,84,71,94,33,6,14,6,6,6,25,10,90,39,6,30,18,20,10,6,15,25,10,10,24,72,39,13,7,10,10,12,94,10,10,90,94,92,25,89,92,91,89,10,36,8,33,59,10,26,90,91,Right,66," $25,360,000.00 "," $16,400,000.00 ",G_Power,Default Stride Awkward,8,77,316,1/11/1990,Stanford
Steelers,Christian DiLauro,55,RG,25,71,73,48,64,83,22,6,10,6,6,6,15,10,81,20,6,20,15,15,5,5,15,22,10,10,15,78,30,15,12,25,10,12,87,18,25,72,58,59,25,64,60,62,74,10,11,6,12,52,10,20,65,86,Right,74," $1,110,000.00 ", $-   ,G_Agile,Default Stride Awkward,3,78,300,11/11/1994,Illinois
Steelers,Bud Dupree,80,ROLB,27,87,89,84,78,76,33,6,14,6,6,6,30,39,86,50,6,82,86,15,5,5,26,62,45,71,36,93,82,59,46,40,46,12,84,43,81,19,45,45,88,45,45,45,79,10,20,15,25,69,56,78,45,89,Right,48," $15,830,000.00 ", $-   ,OLB_PowerRusher,Default,5,76,269,2/12/1993,Kentucky
Steelers,Alex Highsmith,67,ROLB,23,82,85,59,82,76,24,6,10,6,6,6,14,31,80,43,6,78,56,10,5,5,24,46,27,70,27,81,80,57,51,32,32,12,85,32,66,12,45,45,80,45,45,45,79,10,10,16,14,74,42,65,45,91,Right,56," $4,057,645.00 "," $830,000.00 ",OLB_SpeedRusher,Long Stride Loose,0,75,242,8/7/1997,Charlotte
Steelers,Olasunkanmi Adeniyi,63,ROLB,22,78,85,53,80,79,25,6,16,6,6,6,30,32,77,49,6,78,51,15,5,5,15,45,58,69,31,77,74,49,42,24,40,12,80,35,60,17,45,45,80,45,45,45,73,10,12,21,14,70,20,62,45,83,Right,92," $1,640,000.00 ", $-   ,OLB_SpeedRusher,Default Stride Loose,2,73,248,9/12/1997,Toledo
Steelers,Matt Feiler,71,RT,28,59,74,78,51,91,27,5,10,5,5,5,47,18,83,49,5,41,31,38,28,20,48,51,20,33,40,67,57,11,11,44,29,12,81,40,57,83,76,75,61,70,74,72,81,10,18,14,24,44,10,52,72,87,Right,71," $3,260,000.00 ", $-   ,OT_Power,Default Stride Awkward,5,78,330,7/7/1992,Bloomsburg
Steelers,Zach Banner,59,RT,26,53,73,59,53,86,25,6,10,6,6,6,12,25,80,26,6,12,15,12,5,5,12,28,13,10,12,61,34,15,12,46,19,12,73,28,10,79,70,68,38,59,64,63,77,10,20,10,20,33,10,36,67,85,Right,72," $1,750,000.00 ", $-   ,OT_Power,Default Stride Awkward,3,80,361,12/25/1993,USC
Steelers,Terrell Edmunds,74,SS,23,90,90,72,84,74,25,10,15,10,6,6,20,67,90,71,10,77,70,26,20,15,53,67,63,49,61,94,71,74,73,43,73,11,82,50,41,16,35,35,87,35,35,35,64,55,13,57,18,82,67,64,35,88,Right,34," $4,840,000.00 "," $5,860,000.00 ",S_RunSupport,Short Stride Loose,2,73,217,1/20/1997,Virginia Tech
Steelers,Jordan Dangerfield,67,SS,29,84,91,64,88,59,29,6,10,6,6,6,20,60,87,55,6,77,62,20,10,10,59,59,68,41,61,93,69,67,69,39,71,19,80,42,40,15,35,35,80,35,35,25,55,41,15,49,15,82,63,56,35,87,Right,37," $830,000.00 ", $-   ,S_Hybrid,Short Stride Default,5,71,199,12/25/1990,Towson
Steelers,Antoine Brooks Jr,66,SS,22,85,88,63,81,68,36,28,24,32,27,22,25,68,88,71,17,78,65,32,25,30,52,62,62,47,66,86,71,65,61,48,70,35,90,57,59,22,35,35,83,35,35,40,65,60,13,53,14,78,58,67,35,89,Right,25," $2,805,835.00 "," $170,000.00 ",S_RunSupport,Default Stride Loose,0,71,210,10/28/1997,Maryland
Steelers,Eric Ebron,84,TE,27,87,89,85,85,73,43,31,25,31,24,19,78,83,86,77,26,69,29,78,74,73,85,83,75,67,87,85,54,24,10,73,82,24,84,76,55,53,57,59,12,58,62,63,68,15,19,75,24,75,10,57,56,88,Right,85," $7,000,000.00 "," $5,000,000.00 ",TE_VerticalThreat,Default Stride Loose,6,76,253,4/10/1993,North Carolina
Steelers,Vance McDonald,76,TE,30,81,86,78,77,81,35,35,10,35,33,30,70,79,92,71,22,55,31,69,65,60,75,83,71,33,79,72,42,34,24,80,75,18,73,88,40,56,65,65,55,61,66,67,72,25,14,70,15,64,25,51,58,84,Right,89," $16,040,000.00 "," $7,660,000.00 ",TE_Possession,Long Stride High and Tight,7,76,267,6/13/1990,Rice
Steelers,Zach Gentry,58,TE,23,80,83,63,77,72,63,42,46,52,49,45,61,63,80,68,28,30,17,58,52,47,73,75,57,10,72,73,32,22,11,64,63,43,83,68,10,49,52,56,15,51,49,53,63,25,22,57,14,65,15,22,55,88,Right,81," $2,540,000.00 "," $320,000.00 ",TE_Possession,Long Stride Default,1,80,265,9/10/1996,Michigan
Steelers,Kameron Canaday,26,TE,27,66,77,53,61,64,11,10,10,15,10,6,60,51,78,60,6,50,52,40,35,30,45,55,40,10,35,79,46,29,15,53,42,10,80,50,10,43,40,47,49,40,50,58,69,6,15,17,15,63,25,45,35,92,Right,57," $1,980,000.00 "," $450,000.00 ",TE_Possession,Default Stride High and Tight,4,76,245,8/20/1993,Portland St.
Steelers,JuJu Smith-Schuster,86,WR,23,91,92,89,88,74,34,28,21,24,18,14,86,87,91,77,18,50,15,83,85,84,93,90,71,21,92,93,43,45,37,75,79,22,95,87,15,46,37,51,41,30,34,46,66,77,17,82,24,84,26,28,35,90,Right,19," $3,020,000.00 "," $1,160,000.00 ",WR_Physical,Default,3,73,215,11/22/1996,USC
Steelers,James Washington,78,WR,24,91,89,76,85,68,29,14,19,17,13,10,78,83,86,77,10,34,18,79,81,85,83,83,83,10,89,84,32,24,15,65,77,26,86,74,10,32,33,49,26,26,32,36,59,73,13,79,20,82,18,18,27,93,Right,13," $3,140,000.00 "," $1,360,000.00 ",WR_DeepThreat,Default Stride Loose,2,71,213,4/2/1996,Oklahoma St.
Steelers,Diontae Johnson,76,WR,24,91,92,79,92,59,53,49,35,48,40,42,70,84,84,72,44,38,16,77,76,77,80,86,76,10,83,84,29,20,17,37,83,27,83,68,10,20,20,43,14,16,14,28,38,84,52,77,52,89,14,26,12,89,Right,18," $3,150,000.00 "," $1,120,000.00 ",WR_DeepThreat,Short Stride Loose,1,70,181,7/5/1996,Toledo
Steelers,Ryan Switzer,72,WR,25,90,92,66,93,60,58,48,35,52,45,43,68,80,84,66,41,42,23,80,77,71,78,81,76,10,81,80,33,25,18,42,88,22,83,47,10,27,29,50,29,19,20,39,47,86,20,72,21,94,10,32,22,92,Right,10," $1,950,000.00 ", $-   ,WR_Slot,Default,3,68,185,11/4/1994,North Carolina
Steelers,Chase Claypool,70,WR,22,92,89,70,78,71,47,35,26,40,30,26,68,83,86,78,25,57,28,73,71,73,84,79,78,30,84,95,43,50,41,67,79,32,86,73,26,41,47,56,45,48,47,49,61,65,15,78,21,73,43,50,49,87,Right,11," $6,616,621.00 "," $2,370,000.00 ",WR_Physical,Long Stride Default,0,76,238,7/7/1998,Notre Dame
Steelers,Deon Cain,68,WR,24,91,90,55,91,57,47,22,25,29,25,32,76,76,82,75,21,32,22,77,75,75,80,76,62,10,77,81,46,13,17,52,75,27,88,60,10,29,37,54,28,25,27,44,54,50,13,72,17,79,10,23,35,90,Right,17," $590,000.00 ", $-   ,WR_DeepThreat,Default Stride Loose,2,74,202,8/9/1996,Clemson
Steelers,Amara Darboh,67,WR,26,89,91,50,87,68,24,10,21,15,10,6,72,75,81,75,6,42,18,73,75,74,79,82,64,10,83,86,27,25,12,70,73,22,81,69,10,35,33,49,18,10,10,52,56,68,13,62,18,82,15,32,28,90,Right,82," $750,000.00 ", $-   ,WR_DeepThreat,Long Stride Default,3,74,216,2/1/1994,Michigan
Steelers,Anthony Johnson,65,WR,24,87,90,61,84,69,40,33,26,33,28,25,70,80,81,75,15,31,15,70,68,66,79,82,72,10,81,81,30,21,12,60,76,27,84,67,10,26,28,48,25,23,26,39,45,45,12,71,17,78,15,29,27,90,Right,83," $1,110,000.00 ", $-   ,WR_Physical,Default,2,74,215,1/29/1996,Buffalo
Steelers,Saeed Blacknall,64,WR,24,92,91,54,89,70,27,31,19,21,18,15,69,74,78,71,19,33,14,66,68,65,75,77,72,10,78,79,26,28,17,46,77,22,84,55,10,24,24,43,29,15,20,36,46,60,16,73,18,85,16,27,18,86,Right,80," $610,000.00 ", $-   ,WR_DeepThreat,Long Stride Default,3,74,208,3/17/1996,Penn State
Steelers,Quadree Henderson,62,WR,23,89,90,54,86,53,31,10,20,19,12,7,65,81,83,68,13,39,40,71,68,63,76,75,74,23,72,79,35,23,15,35,85,24,84,39,15,31,26,40,25,19,19,44,44,87,15,65,13,85,10,35,20,87,Right,15," $1,250,000.00 ", $-   ,WR_Slot,Default Stride Loose,2,68,190,9/12/1996,Pittsburgh

