﻿Team,Full Name,Overall Rating,Position,Age,Speed,Acceleration,Awareness,Agility,Strength,Throw Power,Throw On The Run,Throw Under Pressure,Throw Accuracy Short,Throw Accuracy Mid,Throw Accuracy Deep,Release,Ball Carrier Vision,Stamina,Carrying,Play Action,Pursuit,Play Recognition,Short Route Running,Medium Route Running,Deep Route Running,Catch In Traffic,Catching,Spin Move,Finesse Moves,Spectacular Catch,Jumping,Tackle,Zone Coverage,Man Coverage,Trucking,Juke Move,Break Sack,Toughness,Stiff Arm,Power Moves,Lead Blocking,Run Block Power,Run Blocking,Hit Power,Pass Block Finesse,Pass Block Power,Pass Blocking,Impact Blocking,Kick Return,Kick Accuracy,Break Tackle,Kick Power,Change Of Direction,Press,Block Shedding,Run Block Finesse,Injury,Player Handedness,Jersey Number, Total Salary , Signing Bonus ,Archetype,Running Style,Years Pro,Height,Weight,Birthdate,College
Raiders,Rodney Hudson,93,C,31,60,78,87,60,90,12,6,16,6,6,6,15,10,85,40,6,35,15,15,5,5,15,34,10,30,15,65,45,14,12,20,10,12,97,10,30,92,87,85,20,92,96,94,91,10,15,25,11,45,10,41,82,92,Right,61," $18,250,000.00 "," $25,140,000.00 ",C_PassProtector,Default Stride Awkward,9,74,315,7/12/1989,Florida State
Raiders,Jordan Devey,61,C,32,61,74,73,60,81,30,6,10,6,6,6,15,10,85,40,6,25,15,15,5,5,15,35,10,10,15,69,39,15,12,25,10,12,88,30,10,77,70,68,24,62,65,63,76,10,25,6,25,52,10,20,66,87,Right,65," $750,000.00 "," $30,000.00 ",C_Power,Default Stride Awkward,7,78,320,1/11/1988,Memphis
Raiders,Andre James,53,C,23,62,79,57,58,83,25,6,10,6,6,6,16,10,85,37,6,29,20,15,5,5,25,29,10,15,15,72,32,15,13,20,10,12,83,19,25,70,63,62,20,60,64,63,77,10,21,7,22,49,10,39,61,87,Right,68," $1,750,000.00 "," $10,000.00 ",C_Power,Default Stride Awkward,1,76,299,5/2/1997,UCLA
Raiders,Lamarcus Joyner,82,CB,29,87,91,80,85,56,29,6,25,6,6,6,15,78,91,64,6,83,83,20,10,10,60,71,75,57,64,89,74,84,81,40,82,14,75,52,41,16,35,35,82,35,35,35,61,72,14,61,15,84,83,58,35,93,Right,29," $25,950,000.00 "," $16,500,000.00 ",CB_Slot,Default Stride Loose,6,68,185,11/27/1990,Florida State
Raiders,Prince Amukamara,78,CB,31,89,90,85,89,70,30,6,12,6,6,6,35,74,92,66,6,76,87,20,10,3,65,65,80,66,66,89,60,78,75,35,84,15,70,30,46,14,35,35,65,35,35,35,54,55,15,65,22,86,79,53,35,88,Left,21," $840,000.00 "," $50,000.00 ",CB_Zone,Default Stride Loose,9,72,206,6/6/1989,Nebraska
Raiders,Trayvon Mullen,75,CB,22,90,90,78,85,59,28,6,13,6,6,6,36,68,92,64,6,78,75,48,35,27,55,68,62,48,63,83,62,71,74,32,72,15,81,38,36,19,35,35,60,35,35,35,51,45,11,55,19,86,78,52,35,87,Right,27," $3,640,000.00 "," $3,610,000.00 ",CB_MantoMan,Long Stride Default,1,74,199,9/20/1997,Clemson
Raiders,Nevin Lawson,73,CB,29,89,90,74,88,66,35,6,11,6,6,6,30,66,92,54,6,78,80,34,23,16,43,54,70,52,61,83,68,67,73,31,73,15,85,25,34,11,35,35,56,35,35,35,51,50,25,55,25,82,66,56,35,89,Right,26," $2,280,000.00 "," $2,510,000.00 ",CB_Slot,Short Stride Loose,6,69,192,4/23/1991,Utah State
Raiders,Ken Crawley,72,CB,27,91,92,68,88,56,29,6,10,6,6,6,22,62,92,56,6,71,67,24,14,10,54,53,67,37,62,85,58,70,73,43,72,10,79,42,28,18,35,25,62,35,35,25,48,63,26,59,26,84,77,49,35,90,Right,35," $660,000.00 ", $-   ,CB_MantoMan,Short Stride High and Tight,4,73,180,2/8/1993,Colorado
Raiders,Damon Arnette Jr,70,CB,23,88,87,70,88,65,27,6,13,6,6,6,42,67,91,61,6,76,69,53,47,40,56,63,67,35,65,88,60,72,71,28,76,13,91,48,27,12,35,35,59,35,35,35,54,45,14,53,15,87,77,54,35,86,Right,20," $13,410,000.00 "," $7,310,000.00 ",CB_MantoMan,Default,0,72,195,9/2/1996,Ohio State
Raiders,Amik Robertson,68,CB,22,89,91,66,91,56,39,38,30,33,27,24,30,68,88,64,18,76,65,36,33,29,63,72,73,45,69,86,56,66,68,31,78,29,90,46,37,12,15,29,62,23,23,16,50,50,10,56,11,90,69,52,15,83,Right,41," $3,129,400.00 "," $490,000.00 ",CB_Slot,Short Stride Default,0,68,187,7/6/1998,LA. Tech
Raiders,Isaiah Johnson,68,CB,24,92,91,64,90,60,27,6,10,6,6,6,53,74,88,64,6,73,60,59,55,47,63,74,70,44,68,87,50,65,68,37,76,11,81,51,37,15,33,42,64,34,33,20,47,30,17,60,18,89,72,47,34,85,Right,31," $2,540,000.00 "," $640,000.00 ",CB_MantoMan,Long Stride Default,1,74,208,12/20/1995,Houston
Raiders,Jordan Brown,63,CB,24,89,87,62,88,56,28,6,13,6,6,6,42,66,92,64,6,70,59,46,40,36,59,68,61,46,64,91,55,60,63,36,70,15,84,41,36,19,35,35,54,35,35,35,51,45,11,58,19,85,70,49,35,88,Right,39," $510,000.00 ", $-   ,CB_MantoMan,Long Stride Loose,2,72,201,3/26/1996,S. Dakota St.
Raiders,Keisean Nixon,61,CB,23,92,91,50,80,54,29,6,10,6,6,6,30,57,90,59,6,77,52,30,20,12,55,63,65,45,65,79,59,61,65,45,70,10,88,35,36,18,35,35,64,35,35,35,50,45,14,52,16,77,70,55,35,84,Right,22," $1,730,000.00 "," $30,000.00 ",CB_MantoMan,Short Stride Loose,1,70,198,6/22/1997,South Carolina
Raiders,D.J. Killings,59,CB,25,90,91,52,86,64,22,6,13,6,6,6,21,56,90,59,6,71,56,24,14,10,38,62,60,43,60,89,52,59,55,33,68,11,78,33,38,20,33,34,51,34,33,33,49,50,17,58,18,87,73,48,34,87,Right,34," $680,000.00 ", $-   ,CB_Zone,Default Stride Loose,3,70,195,8/9/1995,UCF
Raiders,Maurice Hurst,79,DT,25,73,82,72,67,94,12,6,10,6,6,6,23,25,80,31,6,82,74,18,15,13,26,45,18,83,23,76,83,29,25,35,27,12,90,34,73,30,45,45,82,45,45,45,87,17,12,23,14,61,23,80,45,83,Right,73," $2,460,000.00 "," $320,000.00 ",DT_RunStopper,Long Stride Awkward,2,74,291,5/9/1995,Michigan
Raiders,Johnathan Hankins,76,DT,28,59,77,77,63,91,10,6,16,6,6,6,12,25,78,45,6,81,79,10,3,2,16,30,15,52,15,66,84,29,20,35,11,12,72,40,73,19,45,45,65,45,45,45,89,10,10,10,11,54,10,79,45,90,Right,90," $3,050,000.00 "," $5,930,000.00 ",DT_RunStopper,Default Stride Awkward,7,75,340,3/30/1992,Ohio State
Raiders,Maliek Collins,75,DT,25,71,80,80,70,84,23,6,16,6,6,6,15,22,73,31,6,81,76,13,5,3,14,27,17,84,16,77,82,26,18,29,16,12,87,25,66,34,46,45,80,45,44,44,84,9,17,12,17,64,13,66,45,89,Right,97," $500,000.00 "," $5,500,000.00 ",DT_SpeedRusher,Default Stride Awkward,4,74,310,4/8/1995,Nebraska
Raiders,P.J. Hall,73,DT,25,79,84,68,54,93,25,6,18,6,6,6,16,36,70,41,6,80,70,10,3,2,10,45,19,51,12,88,82,29,20,50,22,12,91,38,74,37,45,45,86,45,45,45,80,10,12,25,16,55,10,71,45,92,Right,92," $3,200,000.00 "," $1,510,000.00 ",DT_RunStopper,Long Stride Loose,2,73,305,4/5/1995,Sam Houston
Raiders,Daniel Ross,67,DT,27,72,81,69,69,85,23,6,10,6,6,6,15,20,72,25,6,75,68,13,5,3,18,28,14,66,16,73,77,26,18,34,17,12,86,27,75,31,46,44,72,45,44,44,81,9,17,11,17,60,13,63,45,82,Right,93," $750,000.00 ", $-   ,DT_PowerRusher,Default Stride Awkward,3,76,300,3/15/1993,Northeast Mississippi Community College
Raiders,Jeremiah Valoaga,59,DT,25,65,78,61,76,74,28,6,13,6,6,6,26,33,77,41,6,73,62,21,14,10,44,46,20,73,40,78,72,43,38,42,28,12,78,42,65,17,45,45,70,45,45,45,77,10,15,23,15,63,26,58,45,84,Right,95," $750,000.00 ", $-   ,DT_SpeedRusher,Long Stride Loose,3,78,275,11/15/1994,UNLV
Raiders,Alec Ingold,74,FB,24,76,84,81,72,76,60,51,40,52,47,43,51,71,86,80,38,49,33,59,47,42,69,67,61,35,63,82,50,20,15,75,71,33,87,73,30,84,55,65,41,43,47,68,67,32,37,49,56,78,20,35,56,89,Right,45," $1,760,000.00 ", $-   ,FB_Blocking,Default,1,73,240,7/9/1996,Wisconsin
Raiders,Damarious Randall,82,FS,28,89,90,81,91,69,21,6,12,6,6,6,25,80,92,64,6,86,79,15,12,10,50,73,77,54,64,88,69,84,78,49,84,19,74,50,40,13,35,35,64,35,35,35,53,65,19,69,17,85,80,60,35,91,Right,23," $500,000.00 "," $1,000,000.00 ",S_Zone,Default,5,71,196,8/29/1992,Arizona St.
Raiders,Erik Harris,74,FS,30,90,90,77,82,72,20,10,11,10,10,10,30,61,86,57,10,75,75,40,30,25,54,69,49,42,60,79,67,75,68,49,69,17,83,42,34,10,35,35,72,35,35,35,55,49,18,40,22,77,63,61,35,89,Right,25," $3,920,000.00 "," $1,080,000.00 ",S_Zone,Short Stride Default,5,74,220,4/2/1990,California
Raiders,Josh Jacobs,88,HB,22,87,91,91,87,82,36,27,19,36,31,23,51,86,95,97,19,36,20,60,54,41,61,66,77,10,63,84,34,30,22,89,84,37,93,86,10,38,33,39,25,36,40,59,43,80,10,94,15,85,20,28,27,84,Right,28," $2,000,000.00 "," $9,930,000.00 ",HB_PowerBack,Default,1,70,219,2/11/1998,Alabama
Raiders,Jalen Richard,74,HB,26,90,90,78,86,65,27,19,17,24,21,18,54,81,88,82,15,34,20,67,63,54,61,74,73,12,63,85,39,19,14,70,85,24,82,68,11,43,34,44,23,23,28,57,41,81,20,81,21,85,16,26,33,88,Right,30," $4,000,000.00 "," $3,130,000.00 ",HB_ElusiveBack,Short Stride Default,4,68,205,10/15/1993,Southern Miss
Raiders,Devontae Booker,70,HB,28,87,90,73,88,70,27,10,17,24,22,18,57,77,85,82,10,38,20,62,55,47,62,71,74,12,60,82,35,19,14,70,83,23,85,61,11,24,22,36,21,40,45,44,21,78,20,78,21,82,16,26,18,90,Right,46," $840,000.00 "," $50,000.00 ",HB_ElusiveBack,Default,4,71,219,5/27/1992,Utah
Raiders,Lynn Bowden Jr,69,HB,22,89,91,66,88,70,60,59,52,51,48,47,71,78,86,79,52,32,16,72,67,62,73,71,76,10,73,84,30,15,10,70,85,54,86,67,10,35,38,49,23,24,27,44,34,80,17,76,19,82,15,25,40,91,Right,33," $4,519,327.00 "," $980,000.00 ",HB_ElusiveBack,Short Stride Loose,0,71,204,10/14/1997,Kentucky
Raiders,Rod Smith,67,HB,28,85,87,75,82,80,30,26,17,20,24,19,56,80,85,85,17,52,20,55,48,40,58,65,73,14,55,84,53,20,15,80,80,23,82,81,27,55,47,60,63,42,46,56,52,75,25,73,25,76,20,49,44,89,Right,36," $750,000.00 ", $-   ,HB_PowerBack,Default Stride High and Tight,5,75,240,1/10/1992,Ohio State
Raiders,Daniel Carlson,69,K,25,74,81,52,61,52,26,16,15,32,22,17,15,26,83,41,17,23,16,15,15,15,15,31,18,10,15,42,26,16,12,12,27,17,61,15,10,16,18,18,18,18,18,18,22,10,73,13,94,46,10,18,18,91,Right,2," $750,000.00 ", $-   ,KP_Power,Default Stride Awkward,2,77,213,1/23/1995,Auburn
Raiders,Maxx Crosby,77,LE,23,83,87,79,82,77,22,6,10,6,6,6,25,41,82,41,6,84,77,25,20,16,29,41,30,79,31,84,77,31,24,34,34,12,80,39,76,20,46,45,77,45,44,45,76,20,12,27,17,69,17,70,45,90,Right,98," $2,540,000.00 "," $760,000.00 ",DE_SmallerSpeedRusher,Long Stride Loose,1,77,270,8/22/1997,Eastern Michigan
Raiders,Carl Nassib,76,LE,27,77,86,85,76,79,22,6,17,6,6,6,17,29,73,33,6,85,83,14,7,3,39,47,24,66,42,76,78,44,31,26,27,12,86,33,80,17,44,44,74,44,46,44,77,9,19,28,20,68,26,78,45,89,Right,94," $12,250,000.00 "," $13,000,000.00 ",DE_PowerRusher,Default Stride Loose,4,79,275,4/12/1993,Penn State
Raiders,Richie Incognito,90,LG,37,70,76,95,60,94,14,6,15,6,6,6,15,10,87,40,6,25,25,15,5,5,15,31,10,10,15,50,25,12,17,10,10,12,97,10,10,92,92,90,25,83,86,84,90,10,9,9,8,49,15,25,88,89,Right,64," $8,810,000.00 "," $5,000,000.00 ",G_Power,Default Stride Awkward,15,75,325,7/5/1983,Nebraska
Raiders,John Simpson,65,LG,23,64,78,70,52,91,14,6,15,6,6,6,15,22,85,42,6,27,17,20,10,6,15,32,20,10,15,74,31,12,12,25,10,12,90,35,27,84,69,68,38,60,64,62,88,10,22,12,35,52,10,27,66,89,Right,76," $3,431,780.00 "," $790,000.00 ",G_Power,Default Stride Awkward,0,76,321,8/19/1997,Clemson
Raiders,Marquel Lee,72,LOLB,24,80,87,71,78,78,25,6,10,6,6,6,16,45,81,49,6,81,72,20,20,20,44,53,37,58,40,76,82,56,47,33,48,12,86,41,45,13,45,45,79,45,45,45,73,15,20,23,20,70,43,75,45,93,Right,52," $2,420,000.00 "," $240,000.00 ",OLB_RunStopper,Long Stride Loose,3,75,235,10/21/1995,Wake Forest
Raiders,Kyle Wilber,67,LOLB,31,81,86,76,77,73,25,6,11,6,6,6,12,25,77,56,6,77,76,15,5,5,50,63,15,64,44,83,80,54,44,40,30,12,75,35,48,18,45,45,62,45,45,45,78,10,20,12,20,71,40,65,45,88,Right,58," $750,000.00 "," $140,000.00 ",OLB_RunStopper,Default Stride Awkward,8,76,240,4/26/1989,Wake Forest
Raiders,Kolton Miller,73,LT,24,75,84,77,72,87,12,6,14,6,6,6,14,12,84,30,6,27,13,15,12,10,15,22,10,10,15,77,31,16,12,23,10,12,86,10,10,81,79,77,30,71,75,74,83,10,12,13,10,56,10,31,76,87,Right,74," $5,590,000.00 "," $7,880,000.00 ",OT_Power,Long Stride Default,2,80,325,10/9/1995,UCLA
Raiders,Brandon Parker,64,LT,24,60,77,60,57,83,22,6,15,6,6,6,12,15,91,21,6,30,16,12,5,5,15,22,10,13,15,71,31,15,13,30,12,12,93,14,18,83,68,71,30,72,68,70,80,10,12,10,17,43,10,30,73,94,Right,75," $3,040,000.00 "," $1,040,000.00 ",OT_Agile,Long Stride Awkward,2,80,320,10/21/1995,N.C. AT
Raiders,Sam Young,59,LT,33,61,76,76,56,83,26,6,15,6,6,6,15,10,82,35,6,19,29,15,5,5,15,22,10,10,15,55,17,12,11,10,10,12,68,10,10,69,58,62,27,66,64,65,67,10,20,10,20,47,10,17,67,86,Right,67," $750,000.00 ", $-   ,OT_Agile,Default Stride Awkward,10,80,302,6/24/1987,Notre Dame
Raiders,Cory Littleton,78,MLB,26,83,87,84,81,73,18,6,10,6,6,6,20,22,92,44,6,81,81,15,15,15,21,64,10,65,41,80,93,70,62,38,46,12,77,28,60,16,45,45,74,45,45,45,69,10,29,31,22,78,49,70,45,86,Right,42," $13,000,000.00 "," $22,250,000.00 ",MLB_FieldGeneral,Long Stride Bread Loaf,4,75,225,11/18/1993,Washington
Raiders,Nicholas Morrow,67,MLB,25,87,86,73,84,76,27,15,10,15,10,10,44,50,90,63,15,80,75,42,42,42,63,67,40,59,59,88,79,57,51,38,44,12,81,39,53,12,43,44,72,43,44,44,62,42,18,33,21,74,54,67,45,80,Right,50," $3,260,000.00 ", $-   ,MLB_FieldGeneral,Default Stride Loose,3,72,224,7/10/1995,Greenville College
Raiders,Ukeme Eligwe,59,MLB,26,85,89,52,79,76,35,6,10,6,6,6,17,52,85,57,6,79,50,21,11,6,55,61,39,53,59,82,82,55,47,36,53,12,77,42,65,26,45,45,81,45,45,45,86,10,14,32,15,73,43,62,45,87,Right,54," $750,000.00 ", $-   ,MLB_RunStopper,Long Stride High and Tight,3,74,239,4/27/1994,Ga. Southern
Raiders,A.J. Cole III,66,P,24,65,80,51,64,47,29,20,19,30,28,25,15,10,83,31,20,10,19,15,15,15,15,22,10,10,15,61,29,24,16,10,10,17,66,10,10,14,14,15,12,11,11,14,14,10,70,10,88,53,10,10,14,90,Right,6," $1,770,000.00 "," $100,000.00 ",KP_Power,Default Stride Awkward,1,76,220,11/27/1995,N.C. State
Raiders,Derek Carr,79,QB,29,80,86,81,81,56,91,83,86,88,83,84,15,66,82,60,86,34,17,15,14,12,15,33,60,10,15,86,18,15,12,35,65,41,90,39,10,10,12,12,12,15,15,15,12,10,21,63,22,82,10,18,12,92,Right,4," $113,160,000.00 "," $14,480,000.00 ",QB_FieldGeneral,Default,6,75,210,3/28/1991,Fresno State
Raiders,Marcus Mariota,68,QB,26,88,90,64,88,60,87,78,79,84,77,78,23,84,70,66,81,35,30,39,29,19,26,62,77,10,31,86,28,24,10,40,74,74,91,63,10,28,20,28,25,15,15,20,43,10,36,72,40,85,10,25,20,82,Right,8," $10,600,000.00 "," $7,000,000.00 ",QB_Scrambler,Default,5,76,222,10/30/1993,Oregon
Raiders,Nathan Peterman,51,QB,26,78,85,56,80,65,79,67,66,75,68,71,22,68,73,57,73,37,22,20,10,10,24,34,50,10,27,76,23,19,17,38,60,68,86,41,10,10,10,22,18,10,10,14,17,10,10,50,20,77,10,23,10,88,Right,3," $2,130,000.00 ", $-   ,QB_Scrambler,Default,3,74,226,5/4/1994,Pittsburgh
Raiders,Clelin Ferrell,73,RE,23,81,86,74,76,81,26,6,10,6,6,6,14,23,74,30,6,81,72,14,7,3,18,46,22,75,16,82,81,27,19,30,26,12,85,28,67,16,45,45,80,45,45,45,81,10,13,13,19,65,19,74,45,87,Right,96," $2,000,000.00 "," $29,360,000.00 ",DE_SmallerSpeedRusher,Long Stride Loose,1,76,265,5/17/1997,Clemson
Raiders,Arden Key,70,RE,24,78,84,72,79,77,10,6,14,6,6,6,12,21,76,32,6,78,69,10,8,4,19,35,29,75,16,76,73,42,30,28,36,12,79,31,67,14,45,45,82,45,45,45,78,10,12,13,17,65,21,67,45,87,Right,99," $2,610,000.00 "," $830,000.00 ",DE_SmallerSpeedRusher,Long Stride Loose,2,77,240,5/3/1996,LSU
Raiders,Gabe Jackson,79,RG,29,53,74,86,61,92,19,6,16,6,6,6,12,11,82,30,6,19,10,10,5,5,10,44,10,10,12,72,35,12,12,33,10,12,77,25,10,87,81,78,25,77,79,78,87,10,20,5,22,51,10,35,75,92,Right,66," $55,550,000.00 "," $1,400,000.00 ",G_Power,Default Stride Awkward,6,75,335,7/12/1991,Mississippi St.
Raiders,Eric Kush,66,RG,30,68,80,73,70,83,22,6,12,6,6,6,15,10,82,40,6,58,40,15,5,5,15,40,10,35,15,76,55,30,25,15,10,12,85,10,45,77,71,69,55,66,70,67,78,10,22,6,18,54,10,60,66,87,Right,69," $750,000.00 "," $140,000.00 ",G_Power,Default Stride Awkward,7,76,313,9/9/1989,California
Raiders,Denzelle Good,63,RG,29,60,77,74,51,85,25,6,17,6,6,6,12,10,72,40,6,25,10,10,5,5,15,34,20,10,12,76,40,12,12,25,21,12,75,10,10,74,65,63,25,67,71,70,76,11,15,5,28,46,10,25,62,84,Right,71," $2,280,000.00 "," $1,900,000.00 ",G_Power,Default Stride Awkward,5,77,340,3/8/1991,Mars Hill
Raiders,Nick Kwiatkoski,76,ROLB,27,81,86,77,83,78,25,6,16,6,6,6,15,37,85,42,6,83,75,15,5,5,24,59,26,56,20,83,83,70,64,31,36,12,84,33,64,20,45,45,79,45,45,45,82,12,29,11,22,76,37,75,45,90,Right,44," $11,130,000.00 "," $9,870,000.00 ",OLB_RunStopper,Default,4,74,243,5/26/1993,West Virginia
Raiders,Tanner Muse,67,ROLB,23,90,90,67,77,74,39,6,12,14,12,10,30,68,89,65,6,79,64,34,26,20,54,63,68,51,60,83,77,58,52,63,71,10,93,60,58,16,35,35,83,35,35,35,76,59,22,50,25,72,63,65,35,92,Right,55," $4,057,645.00 "," $830,000.00 ",OLB_RunStopper,Long Stride Loose,0,74,227,9/6/1996,Clemson
Raiders,Kendall Donnerson,62,ROLB,24,87,89,51,80,72,8,6,10,6,6,6,15,35,79,51,6,78,50,15,5,5,42,55,30,63,35,93,73,57,46,25,41,12,90,34,52,15,45,45,77,45,45,45,71,10,10,31,17,72,38,59,45,90,Right,57," $590,000.00 ", $-   ,OLB_SpeedRusher,Default,3,75,250,4/22/1996,SE Missouri St.
Raiders,Trent Brown,87,RT,27,62,74,95,60,94,25,6,15,6,6,6,12,15,80,32,6,12,15,12,5,5,12,35,10,10,12,70,40,15,12,35,10,12,76,25,10,83,87,84,20,86,90,88,81,10,20,5,20,53,10,31,78,85,Right,77," $30,250,000.00 "," $35,500,000.00 ",OT_Power,Default Stride Awkward,5,80,380,4/13/1993,Florida
Raiders,David Sharpe,58,RT,24,58,74,69,58,85,17,6,10,6,6,6,15,19,80,24,6,21,13,17,7,5,20,31,12,10,17,55,32,10,10,38,15,12,85,31,10,77,61,63,41,66,59,59,76,10,14,7,17,53,10,19,64,90,Right,72," $2,130,000.00 ", $-   ,OT_Agile,Default Stride Awkward,3,78,330,10/21/1995,Florida
Raiders,Jeff Heath,74,SS,29,88,89,78,84,68,20,6,15,6,6,6,25,44,89,65,6,74,74,15,10,10,45,63,39,52,66,87,65,75,72,40,49,15,90,25,45,20,35,35,83,35,35,35,66,45,53,20,66,79,62,58,35,91,Right,38," $3,650,000.00 "," $2,350,000.00 ",S_Zone,Default,7,73,212,5/14/1991,Saginaw Valley
Raiders,Johnathan Abram,73,SS,23,91,89,73,84,70,53,35,26,45,33,25,12,61,89,64,30,79,75,20,10,10,33,63,63,54,61,81,68,68,64,25,71,31,94,36,58,12,35,35,88,35,35,35,65,50,21,52,29,81,62,60,35,88,Right,24," $2,250,000.00 "," $9,240,000.00 ",S_RunSupport,Default,1,72,205,10/25/1996,Mississippi St.
Raiders,Dallin Leavitt,63,SS,26,87,92,56,89,62,26,6,10,6,6,6,20,59,88,53,6,71,59,26,16,11,52,68,68,53,58,85,65,67,64,48,71,18,78,57,48,16,35,35,76,35,35,35,61,45,17,48,21,85,58,58,35,85,Right,32," $680,000.00 ", $-   ,S_Zone,Default Stride Loose,2,70,195,8/8/1994,Utah State
Raiders,Darren Waller,85,TE,27,89,89,86,84,70,35,10,10,15,10,6,81,73,91,73,6,37,15,80,76,72,80,93,72,10,84,87,32,20,10,70,72,13,81,67,10,41,60,61,15,59,63,63,56,22,14,59,22,81,15,35,55,91,Right,83," $27,800,000.00 "," $2,720,000.00 ",TE_VerticalThreat,Default Stride Loose,4,78,255,9/13/1992,Georgia Tech
Raiders,Jason Witten,77,TE,38,74,80,87,75,78,27,10,15,15,10,6,73,84,94,78,6,41,29,74,70,63,83,84,50,10,84,67,20,17,11,72,68,13,99,77,10,51,58,61,25,53,55,58,66,8,20,50,21,60,25,41,61,92,Right,82," $500,000.00 "," $3,500,000.00 ",TE_Possession,Long Stride High and Tight,16,78,263,5/6/1982,Tennessee
Raiders,Foster Moreau,69,TE,23,82,85,75,82,76,25,10,10,20,15,10,62,70,82,75,10,42,15,63,59,54,78,79,51,10,76,84,33,15,12,70,59,20,83,63,10,57,60,61,31,60,59,61,68,40,13,61,17,82,15,37,59,89,Right,87," $2,530,000.00 "," $480,000.00 ",TE_Possession,Long Stride Default,1,76,253,5/6/1997,LSU
Raiders,Derek Carrier,65,TE,30,85,87,68,86,65,29,10,10,15,10,6,75,66,78,75,6,33,25,58,53,48,74,77,72,10,76,87,34,25,21,67,74,17,75,63,10,47,54,60,35,56,59,61,62,40,19,60,15,79,40,40,58,86,Right,85," $5,250,000.00 "," $300,000.00 ",TE_VerticalThreat,Default Stride Loose,8,75,244,7/25/1990,Beloit College
Raiders,Nick O'Leary,65,TE,28,74,78,61,72,73,30,10,15,15,10,6,74,70,80,72,6,45,15,66,64,59,78,81,45,20,75,75,44,15,10,75,56,15,91,71,30,51,53,58,20,58,61,63,66,30,35,42,35,68,10,35,58,88,Right,84," $750,000.00 "," $140,000.00 ",TE_Possession,Default Stride High and Tight,5,75,252,8/31/1992,Florida State
Raiders,Trent Sieg,24,TE,24,62,78,59,79,69,29,6,10,6,6,6,19,41,80,58,6,49,46,22,18,14,41,47,42,26,36,68,65,25,24,45,54,18,88,44,24,46,43,47,45,43,50,47,67,35,20,25,17,60,16,46,45,89,Right,47," $750,000.00 ", $-   ,TE_Blocking,Default Stride Loose,2,75,240,12/2/1995,Colorado St.
Raiders,Tyrell Williams,82,WR,28,92,92,82,95,70,34,29,20,26,21,27,80,84,86,72,18,42,25,79,82,85,88,83,75,10,89,93,42,35,20,56,84,22,77,63,10,33,39,52,15,25,25,45,64,54,21,77,24,84,25,40,32,85,Right,16," $34,800,000.00 "," $9,600,000.00 ",WR_DeepThreat,Default Stride Loose,5,76,205,2/12/1992,Western Oregon
Raiders,Nelson Agholor,77,WR,27,90,90,76,93,65,41,38,30,38,33,28,77,85,85,74,19,26,24,80,79,81,82,84,89,10,85,87,21,22,18,51,88,27,78,62,10,20,36,53,15,10,10,24,40,80,31,84,41,83,10,25,30,89,Right,15," $500,000.00 "," $390,000.00 ",WR_DeepThreat,Default Stride Loose,5,72,198,5/24/1993,USC
Raiders,Henry Ruggs III,76,WR,21,98,97,69,87,61,51,43,33,47,43,39,69,83,84,73,35,43,17,76,76,80,79,83,75,10,82,94,41,26,15,60,82,28,85,49,10,26,26,47,31,12,18,37,45,78,18,71,21,88,10,38,21,89,Right,11," $16,670,000.00 "," $9,680,000.00 ",WR_DeepThreat,Long Stride Default,0,71,188,1/24/1999,Alabama
Raiders,Zay Jones,75,WR,25,90,91,75,88,76,38,34,20,34,29,25,75,80,83,75,19,23,17,78,77,72,84,86,70,22,88,86,34,24,15,69,76,22,86,77,18,29,22,58,37,23,25,38,49,81,17,76,22,91,20,27,12,94,Right,12," $3,610,000.00 "," $1,540,000.00 ",WR_Physical,Long Stride Default,3,74,200,3/30/1995,East Carolina
Raiders,Hunter Renfrow,74,WR,24,86,88,80,87,61,44,36,28,41,35,28,65,81,89,78,26,50,31,81,79,73,81,86,72,21,85,84,44,38,35,41,81,28,79,50,16,26,17,44,41,17,19,35,51,80,34,68,42,88,34,46,22,86,Right,13," $2,540,000.00 "," $290,000.00 ",WR_Slot,Short Stride Default,1,70,185,12/25/1995,Clemson
Raiders,Bryan Edwards,70,WR,21,88,89,71,86,71,32,22,20,20,15,10,73,85,87,75,15,39,29,72,70,68,81,79,76,15,84,91,41,51,46,70,80,30,87,77,16,35,36,52,32,20,25,41,50,77,13,79,19,81,42,41,28,88,Right,89," $4,261,431.00 "," $970,000.00 ",WR_Physical,Default,0,75,212,11/13/1998,South Carolina
Raiders,Marcell Ateman,68,WR,25,86,88,62,81,67,25,15,16,20,15,15,77,73,82,76,6,28,16,69,66,63,83,82,66,10,85,84,29,30,18,60,72,25,82,70,10,43,40,51,26,33,38,51,60,43,15,70,19,81,15,32,36,88,Right,88," $660,000.00 ", $-   ,WR_Physical,Long Stride Loose,2,76,216,9/16/1994,Oklahoma St.
Raiders,Keelan Doss,68,WR,24,87,89,69,85,62,29,10,16,15,10,6,71,75,82,68,6,37,25,73,70,69,80,82,70,10,84,86,21,25,20,48,76,22,84,51,10,23,31,48,12,22,24,45,43,45,11,66,11,82,10,26,26,86,Right,18," $680,000.00 ", $-   ,WR_DeepThreat,Long Stride Loose,1,75,215,3/21/1996,California-Davis
Raiders,Anthony Ratliff-Williams,61,WR,23,87,89,57,87,60,41,35,26,36,32,24,68,78,81,68,25,29,16,68,66,62,75,77,72,10,78,84,28,20,15,49,78,31,88,53,10,21,30,43,18,20,24,22,42,83,20,69,20,78,16,28,26,87,Right,19," $510,000.00 ", $-   ,WR_DeepThreat,Default Stride Loose,2,71,195,6/17/1997,North Carolina
Raiders,Rico Gafford,55,WR,24,96,94,54,80,47,25,10,10,10,10,10,52,70,79,66,10,68,48,54,53,56,68,75,67,31,68,85,54,57,65,25,74,15,78,33,26,22,15,37,59,17,16,35,35,45,11,59,10,78,65,45,18,90,Right,10," $590,000.00 ", $-   ,WR_DeepThreat,Default Stride Loose,2,70,184,5/23/1996,Wyoming

