﻿Team,Full Name,Overall Rating,Position,Age,Speed,Acceleration,Awareness,Agility,Strength,Throw Power,Throw On The Run,Throw Under Pressure,Throw Accuracy Short,Throw Accuracy Mid,Throw Accuracy Deep,Release,Ball Carrier Vision,Stamina,Carrying,Play Action,Pursuit,Play Recognition,Short Route Running,Medium Route Running,Deep Route Running,Catch In Traffic,Catching,Spin Move,Finesse Moves,Spectacular Catch,Jumping,Tackle,Zone Coverage,Man Coverage,Trucking,Juke Move,Break Sack,Toughness,Stiff Arm,Power Moves,Lead Blocking,Run Block Power,Run Blocking,Hit Power,Pass Block Finesse,Pass Block Power,Pass Blocking,Impact Blocking,Kick Return,Kick Accuracy,Break Tackle,Kick Power,Change Of Direction,Press,Block Shedding,Run Block Finesse,Injury,Player Handedness,Jersey Number, Total Salary , Signing Bonus ,Archetype,Running Style,Years Pro,Height,Weight,Birthdate,College
Chargers,Mike Pouncey,80,C,31,65,78,82,69,88,12,6,15,6,6,6,15,15,82,32,6,29,10,15,5,5,15,35,10,10,15,64,40,12,12,35,10,12,82,20,10,89,81,82,20,79,77,78,93,10,10,15,15,55,10,24,86,82,Right,53," $13,200,000.00 "," $5,250,000.00 ",C_Agile,Default Stride Awkward,9,77,298,7/24/1989,Florida
Chargers,Scott Quessenberry,65,C,25,69,81,75,67,83,23,6,14,6,6,6,15,10,85,24,6,22,15,15,5,5,15,27,10,10,15,81,30,15,12,20,10,12,86,30,10,80,65,69,20,71,68,70,77,10,12,7,17,51,10,20,71,83,Right,61," $2,460,000.00 "," $280,000.00 ",C_Agile,Default Stride Awkward,2,76,310,3/23/1995,UCLA
Chargers,Ryan Groy,62,C,29,64,76,70,66,86,20,6,13,6,6,6,12,10,78,35,6,30,10,10,5,5,10,20,10,10,12,67,33,12,12,15,10,12,76,10,10,79,65,67,12,67,63,65,78,10,15,6,12,49,10,33,69,88,Right,72," $780,000.00 ", $-   ,C_Agile,Default Stride Awkward,6,77,320,9/30/1990,Wisconsin
Chargers,Cole Toner,54,C,26,61,77,76,55,78,30,6,16,6,6,6,40,10,76,64,6,29,20,15,5,5,25,42,10,15,15,60,41,15,13,20,10,12,75,19,25,51,63,64,20,58,60,59,76,10,21,8,22,50,10,39,64,87,Right,64," $660,000.00 ", $-   ,C_Power,Default Stride Awkward,5,77,310,3/13/1994,Harvard
Chargers,Casey Hayward Jr,89,CB,30,89,90,93,91,69,30,6,18,6,6,6,12,73,95,55,6,70,92,15,12,10,59,78,66,44,68,86,61,90,92,25,73,17,64,41,37,13,35,35,51,35,35,35,53,35,24,60,22,93,90,55,35,87,Right,26," $30,500,000.00 "," $8,830,000.00 ",CB_MantoMan,Short Stride Loose,9,71,192,9/9/1989,Vanderbilt
Chargers,Desmond King II,87,CB,25,88,90,92,94,72,21,6,12,6,6,6,18,77,85,74,6,83,95,22,12,10,75,76,67,39,76,83,60,92,88,28,83,10,81,44,31,13,35,35,68,35,35,35,53,85,21,60,29,93,81,63,35,94,Right,20," $3,830,000.00 "," $280,000.00 ",CB_Slot,Default,3,70,200,12/14/1994,Iowa
Chargers,Chris Harris Jr,87,CB,31,90,89,91,95,58,35,6,15,6,6,6,30,55,95,60,6,84,93,33,23,16,48,79,60,35,66,90,62,84,88,19,64,10,86,33,32,17,35,35,60,35,35,35,57,67,25,60,25,95,86,64,35,92,Right,25," $8,000,000.00 "," $9,000,000.00 ",CB_MantoMan,Short Stride Loose,9,70,199,6/18/1989,Kansas
Chargers,Michael Davis,73,CB,25,92,89,74,85,63,26,6,17,6,6,6,16,63,87,58,6,67,71,22,12,10,60,64,69,51,62,74,60,70,74,40,73,11,86,44,45,18,35,25,64,35,35,25,48,45,10,61,10,83,77,51,35,88,Right,43," $3,260,000.00 ", $-   ,CB_MantoMan,Default Stride Loose,3,74,196,1/6/1995,BYU
Chargers,Brandon Facyson,65,CB,25,88,90,64,83,59,26,6,11,6,6,6,22,57,91,59,6,70,60,29,11,5,54,60,61,33,60,86,53,62,66,25,75,10,92,29,26,11,35,35,61,35,35,35,53,45,10,54,8,80,78,55,35,82,Right,28," $1,710,000.00 ", $-   ,CB_MantoMan,Long Stride Loose,2,74,197,9/8/1994,Virginia Tech
Chargers,Tevaughn Campbell,64,CB,27,92,91,52,84,56,24,6,10,6,6,6,42,72,89,63,6,73,50,32,24,16,55,68,70,37,63,91,53,63,68,21,74,15,80,25,31,11,35,35,49,35,35,35,52,45,11,58,10,82,72,51,35,84,Right,37," $1,110,000.00 ", $-   ,CB_MantoMan,Default Stride Loose,2,72,200,6/14/1993,Regina
Chargers,Quenton Meeks,62,CB,23,88,92,52,92,55,27,6,10,6,6,6,27,65,91,60,6,72,57,29,19,12,33,58,69,41,63,91,53,61,64,42,70,15,86,30,35,18,33,21,50,34,33,10,48,45,17,50,18,87,70,52,34,83,Right,29," $1,270,000.00 ", $-   ,CB_MantoMan,Short Stride Default,3,73,209,6/20/1997,Stanford
Chargers,Donte Vaughn,58,CB,22,88,90,52,84,63,35,6,15,6,6,6,36,60,93,64,6,71,50,27,17,11,52,66,64,44,64,84,58,62,59,42,70,16,83,56,35,15,35,35,60,35,35,35,55,50,22,59,19,86,67,51,35,87,Right,39," $2,290,000.00 ", $-   ,CB_Zone,Long Stride Loose,0,74,210,10/12/1997,Notre Dame
Chargers,Linval Joseph,85,DT,31,74,78,83,62,98,20,6,15,6,6,6,15,10,82,40,6,82,87,15,7,3,15,24,20,50,15,74,85,27,20,27,18,12,76,10,77,41,45,45,60,45,45,45,94,10,16,10,15,55,16,88,45,87,Right,95," $8,000,000.00 "," $9,000,000.00 ",DT_RunStopper,Default Stride Awkward,10,76,329,10/10/1988,East Carolina
Chargers,Jerry Tillery,72,DT,23,75,84,69,75,87,19,6,10,6,6,6,12,24,76,35,6,82,67,10,3,2,21,30,15,68,18,78,80,28,22,20,25,12,81,32,75,45,51,51,83,53,50,52,86,10,24,19,27,69,10,73,47,85,Right,99," $2,420,000.00 "," $9,000,000.00 ",DT_RunStopper,Long Stride Loose,1,78,295,10/8/1996,Notre Dame
Chargers,Justin Jones,70,DT,24,69,80,76,62,83,23,6,17,6,6,6,15,25,71,27,6,77,74,15,7,3,22,25,21,67,17,72,83,28,21,34,25,12,84,36,74,31,45,45,78,45,45,45,81,45,12,18,17,57,10,67,45,89,Right,93," $2,630,000.00 "," $840,000.00 ",DT_PowerRusher,Long Stride Loose,2,75,309,8/28/1996,N.C. State
Chargers,Damion Square,66,DT,31,62,79,73,58,84,19,6,10,6,6,6,12,10,71,40,6,78,75,10,3,2,10,35,10,53,12,68,78,35,23,24,10,12,75,10,72,33,45,45,77,45,45,45,83,10,11,10,15,49,10,64,45,87,Right,71," $790,000.00 "," $400,000.00 ",DT_PowerRusher,Default Stride Awkward,7,74,293,2/6/1989,Alabama
Chargers,Cortez Broughton,63,DT,24,73,79,54,66,83,26,6,15,6,6,6,15,25,69,40,6,74,56,15,8,4,15,32,10,54,15,81,78,25,20,25,10,12,82,29,67,14,45,45,78,45,45,45,80,11,25,10,25,59,10,69,45,86,Right,91," $2,540,000.00 "," $60,000.00 ",DT_RunStopper,Default Stride Awkward,1,74,293,9/2/1995,Cincinnati
Chargers,PJ Johnson,62,DT,24,61,74,55,58,85,21,6,10,6,6,6,15,22,74,29,6,75,58,13,5,3,14,20,17,55,16,63,77,29,26,40,21,12,79,28,65,31,46,53,82,45,44,49,82,12,17,13,17,48,13,70,45,83,Right,94," $1,110,000.00 ", $-   ,DT_RunStopper,Default Stride Awkward,1,75,320,6/14/1996,Arizona
Chargers,Gabe Nabers,64,FB,22,75,84,63,74,75,30,10,10,15,10,5,53,67,83,69,5,43,22,58,51,40,61,66,54,17,53,79,42,23,20,72,63,12,88,68,17,68,53,61,39,41,44,59,63,18,19,50,21,72,17,38,51,89,Right,47," $2,280,000.00 "," $10,000.00 ",FB_Utility,Default Stride Loose,0,75,235,11/5/1997,Florida State
Chargers,Nasir Adderley,71,FS,23,88,90,68,88,65,27,6,10,6,6,6,21,65,88,63,6,70,62,27,19,14,55,72,62,30,67,90,72,74,66,53,71,20,83,34,24,10,33,30,73,34,33,30,58,75,17,47,18,84,70,52,34,86,Right,24," $3,060,000.00 "," $1,680,000.00 ",S_Zone,Long Stride Loose,1,72,195,5/31/1997,Delaware
Chargers,Rayshawn Jenkins,70,FS,26,89,89,71,84,72,30,23,12,18,15,10,22,64,92,65,15,69,69,28,18,13,62,69,62,37,65,88,74,65,58,43,71,17,74,38,49,15,35,35,86,35,35,35,60,65,15,46,20,85,61,67,35,84,Right,23," $3,830,000.00 "," $640,000.00 ",S_RunSupport,Default Stride Loose,3,73,220,1/25/1994,Miami
Chargers,Austin Ekeler,85,HB,25,92,92,88,92,70,28,18,17,27,20,16,73,82,89,85,15,40,12,78,72,66,73,78,84,10,73,89,32,20,15,69,88,26,87,69,10,49,32,38,20,22,26,58,47,68,15,86,22,85,20,11,30,88,Right,30," $11,750,000.00 "," $12,750,000.00 ",HB_ReceivingBack,Default,3,70,200,5/17/1995,Western Colorado
Chargers,Justin Jackson,74,HB,24,89,90,73,90,62,30,29,19,29,23,19,56,79,83,82,15,39,15,61,56,51,54,64,78,10,51,91,41,17,11,74,86,20,87,72,10,26,23,29,23,24,27,48,29,60,14,72,19,90,17,26,27,91,Right,22," $2,460,000.00 ", $-   ,HB_ElusiveBack,Default Stride Loose,2,72,199,4/22/1996,Northwestern
Chargers,Joshua Kelley,67,HB,22,89,87,69,84,75,27,10,13,20,15,10,50,77,83,88,14,16,29,56,49,40,57,64,72,17,57,80,40,32,22,79,77,21,81,77,23,33,33,34,37,27,33,46,43,40,12,76,16,81,22,39,30,88,Right,27," $3,415,338.00 "," $780,000.00 ",HB_ElusiveBack,Default,0,71,212,11/20/1997,UCLA
Chargers,Michael Badgley,71,K,25,74,82,53,60,36,25,20,14,35,30,25,12,10,84,33,20,31,10,10,10,10,10,35,10,10,12,65,29,12,12,10,10,15,60,10,10,12,12,12,12,17,17,17,12,10,78,5,96,57,10,13,12,89,Right,4," $1,710,000.00 ", $-   ,KP_Power,Default Stride Awkward,2,70,183,7/28/1995,Miami
Chargers,Joey Bosa,91,LE,25,79,87,96,87,87,28,6,14,6,6,6,17,39,90,43,6,93,92,13,6,3,26,47,28,96,29,78,82,35,24,36,33,12,85,43,88,20,44,45,81,44,45,45,90,9,19,22,26,71,22,72,45,89,Right,97," $23,220,000.00 "," $17,000,000.00 ",DE_SmallerSpeedRusher,Default Stride Loose,4,77,280,7/11/1995,Ohio State
Chargers,Isaac Rochell,67,LE,25,76,83,60,69,88,24,9,10,17,12,9,12,25,78,28,9,77,57,14,7,3,19,36,17,53,15,77,80,34,23,36,23,12,94,32,69,16,45,45,82,45,45,45,86,10,21,18,22,55,26,61,45,94,Right,98," $830,000.00 ", $-   ,DE_PowerRusher,Long Stride Loose,3,76,280,4/22/1995,Notre Dame
Chargers,Forrest Lamp,68,LG,26,71,83,60,70,91,30,6,10,6,6,6,28,40,86,50,6,41,15,34,24,16,37,53,16,10,41,69,30,15,12,33,26,12,92,30,10,87,72,71,38,68,69,69,86,10,25,18,25,52,10,33,67,92,Right,76," $3,400,000.00 "," $3,300,000.00 ",G_Power,Long Stride Default,3,76,310,2/20/1994,W. Kentucky
Chargers,Dan Feeney,67,LG,26,64,78,77,68,88,27,6,10,6,6,6,25,26,84,23,6,34,20,17,7,5,20,28,23,10,24,72,34,20,12,35,28,12,79,32,10,85,69,68,38,62,65,64,84,10,22,8,24,52,15,37,67,87,Right,66," $4,040,000.00 "," $920,000.00 ",G_Power,Default Stride Awkward,3,76,310,5/29/1994,Indiana
Chargers,Uchenna Nwosu,77,LOLB,23,84,88,74,83,72,18,6,13,6,6,6,35,41,83,47,6,83,71,15,5,5,46,61,42,82,43,78,81,57,47,33,52,15,82,33,70,20,45,45,83,45,45,45,72,10,13,30,17,74,37,75,45,92,Right,42," $3,490,000.00 "," $2,270,000.00 ",OLB_SpeedRusher,Long Stride Loose,2,74,251,12/28/1996,USC
Chargers,Kyzir White,70,LOLB,24,85,91,66,84,67,23,5,17,5,5,5,27,54,83,60,5,78,63,34,26,20,55,66,53,59,56,85,80,71,67,34,63,17,83,40,50,18,45,45,87,45,45,45,70,35,17,48,18,75,54,61,45,88,Right,44," $2,460,000.00 "," $640,000.00 ",OLB_PassCoverage,Default Stride Loose,2,74,218,3/24/1996,West Virginia
Chargers,Emeke Egbule,64,LOLB,23,84,87,58,81,72,25,6,10,6,6,6,32,51,83,54,6,75,56,33,27,22,46,63,25,66,51,80,74,61,53,47,34,12,84,51,60,18,45,45,80,45,45,45,74,13,19,28,15,72,44,68,45,90,Right,51," $2,540,000.00 "," $140,000.00 ",OLB_SpeedRusher,Default Stride Loose,1,74,245,10/13/1996,Houston
Chargers,Trey Pipkins III,62,LT,23,68,82,68,66,82,16,6,13,6,6,6,37,10,76,42,6,35,24,27,20,15,35,47,10,30,32,81,40,12,12,21,10,12,85,10,40,80,66,68,35,68,65,67,78,10,11,5,21,54,10,40,69,88,Right,79," $2,730,000.00 "," $880,000.00 ",OT_Agile,Long Stride Awkward,1,78,304,9/5/1996,Sioux Falls
Chargers,Trent Scott,54,LT,26,60,75,50,55,80,22,6,11,6,6,6,16,12,87,32,6,29,19,14,5,5,15,27,12,20,15,66,28,14,11,20,11,12,88,15,26,75,67,64,24,58,60,58,77,9,19,7,18,46,10,28,58,90,Right,78," $750,000.00 ", $-   ,OT_Power,Default Stride Awkward,2,77,320,1/25/1994,Grambling St.
Chargers,Drue Tranquill,72,MLB,25,87,89,74,85,77,22,6,15,6,6,6,12,55,85,63,6,83,69,31,24,14,33,55,44,60,35,89,80,69,64,25,56,12,93,42,53,21,45,45,81,45,45,45,77,10,20,47,16,77,56,72,45,81,Right,49," $2,540,000.00 "," $640,000.00 ",MLB_FieldGeneral,Default Stride Loose,1,74,228,8/15/1995,Notre Dame
Chargers,Denzel Perryman,72,MLB,27,81,87,77,79,85,25,6,17,6,6,6,12,35,84,65,6,81,80,15,5,5,15,54,25,51,15,83,78,67,57,45,30,12,88,52,58,22,45,45,89,45,45,45,82,10,20,10,20,70,48,70,45,83,Right,52," $1,910,000.00 "," $9,080,000.00 ",MLB_RunStopper,Default Stride Awkward,5,71,240,12/5/1992,Miami
Chargers,Cole Christiansen,59,MLB,23,77,85,56,74,73,25,6,16,6,6,6,12,57,85,60,6,80,60,30,17,10,40,57,40,50,35,80,79,53,47,48,47,12,90,39,56,24,45,45,77,45,45,48,74,42,13,40,18,68,40,66,45,91,Right,50," $2,290,000.00 ", $-   ,MLB_RunStopper,Default Stride Loose,0,73,230,7/30/1997,Army
Chargers,Ty Long,65,P,27,75,82,47,66,36,45,23,14,26,23,17,15,22,81,40,20,24,26,15,15,15,15,39,10,10,15,40,29,27,10,12,16,17,43,15,10,7,10,7,12,10,10,9,10,10,64,10,92,51,10,23,10,84,Right,1," $590,000.00 ", $-   ,KP_Power,Default Stride Loose,2,74,205,4/6/1993,UAB
Chargers,Justin Herbert,70,QB,22,82,87,70,80,71,92,81,78,83,78,76,14,80,86,69,84,33,16,17,13,10,12,39,58,10,18,82,29,18,11,58,72,71,88,62,10,18,19,24,22,17,12,17,23,12,16,59,20,72,14,26,13,88,Right,10," $26,500,000.00 "," $16,890,000.00 ",QB_StrongArm,Default,0,78,236,3/10/1998,Oregon
Chargers,Tyrod Taylor,69,QB,31,87,90,68,92,58,87,79,77,82,76,77,33,88,77,66,77,35,20,35,25,15,56,64,78,10,54,87,37,25,18,42,81,81,83,61,10,25,15,20,12,20,18,23,35,15,17,74,19,86,15,25,15,89,Right,5," $5,500,000.00 "," $5,500,000.00 ",QB_Scrambler,Default,9,73,217,8/3/1989,Virginia Tech
Chargers,Easton Stick,62,QB,23,85,88,62,91,65,83,77,70,78,72,73,16,80,79,65,78,30,17,21,16,14,22,27,71,10,18,78,23,17,11,56,71,76,90,43,10,14,16,21,20,13,13,14,22,10,30,70,29,87,10,23,12,93,Right,2," $2,520,000.00 "," $280,000.00 ",QB_Scrambler,Default,1,73,217,9/15/1996,North Dakota St.
Chargers,Melvin Ingram III,88,RE,31,80,86,93,85,83,31,6,17,6,6,6,12,51,79,59,6,88,89,10,3,2,45,65,39,94,37,85,83,53,47,55,46,12,84,29,81,17,45,45,82,45,45,45,87,10,17,33,15,70,10,80,45,89,Right,54," $53,500,000.00 "," $10,520,000.00 ",DE_SmallerSpeedRusher,Default Stride Bread Loaf,8,74,247,4/26/1989,South Carolina
Chargers,Joe Gaziano,61,RE,23,70,85,55,67,81,35,6,12,6,6,6,12,36,90,44,6,77,53,22,15,12,33,42,25,59,29,79,77,29,25,34,25,12,86,33,65,18,45,45,78,45,45,45,81,10,33,15,38,58,35,68,45,92,Right,92," $2,290,000.00 ", $-   ,DE_PowerRusher,Default Stride Awkward,0,76,280,9/27/1996,Northwestern
Chargers,Jessie Lemonier,60,RE,23,79,87,53,77,70,21,6,17,6,6,6,25,45,76,45,6,75,50,33,26,20,40,40,37,63,39,80,75,37,31,43,48,12,82,29,60,22,45,45,75,45,45,45,71,10,12,37,15,65,20,60,45,84,Right,90," $2,290,000.00 ", $-   ,DE_SmallerSpeedRusher,Default Stride Loose,0,74,240,1/31/1997,Liberty
Chargers,Trai Turner,80,RG,27,74,77,85,62,89,15,6,14,6,6,6,12,10,80,40,6,21,10,10,5,5,10,45,10,10,12,75,34,12,12,20,10,12,86,10,10,86,84,82,20,76,79,78,87,10,33,6,24,48,10,34,80,92,Right,70," $31,800,000.00 "," $9,130,000.00 ",G_Power,Default Stride Awkward,6,75,315,6/14/1993,LSU
Chargers,Koda Martin,57,RG,25,66,80,53,67,84,16,6,16,6,6,6,20,24,90,22,6,28,34,15,10,5,21,30,30,21,30,68,26,12,12,20,32,12,88,31,33,80,64,63,35,59,62,61,82,11,18,35,21,52,10,26,60,86,Right,65," $1,390,000.00 "," $10,000.00 ",G_Power,Long Stride Awkward,1,79,300,8/21/1995,Syracuse
Chargers,Nick Vigil,73,ROLB,27,82,86,78,83,71,23,5,14,5,5,5,20,36,81,40,5,83,80,15,5,5,26,56,24,55,29,83,80,60,48,29,33,12,91,41,48,17,45,45,79,45,45,45,77,12,26,16,23,75,57,72,45,90,Right,59," $590,000.00 "," $300,000.00 ",OLB_RunStopper,Default Stride Loose,4,74,239,8/20/1993,Utah State
Chargers,Kenneth Murray Jr,73,ROLB,21,88,89,74,85,73,25,21,28,22,20,19,25,51,93,55,25,83,71,15,15,15,43,57,48,62,47,90,83,64,60,35,54,20,88,45,51,23,45,45,85,45,45,45,76,10,12,30,14,77,52,68,45,89,Right,56," $12,970,000.00 "," $6,990,000.00 ",OLB_RunStopper,Default Stride Loose,0,74,241,11/17/1998,Oklahoma
Chargers,Malik Jefferson,68,ROLB,23,87,89,52,79,80,19,6,13,6,6,6,13,34,83,43,6,82,54,15,5,5,27,45,41,55,24,88,78,56,50,39,51,12,83,31,61,24,45,45,82,45,45,45,85,10,12,17,16,70,46,71,45,86,Right,46," $660,000.00 ", $-   ,OLB_RunStopper,Default Stride Loose,3,74,241,11/15/1996,Texas
Chargers,Bryan Bulaga,88,RT,31,61,76,91,68,88,10,6,15,6,6,6,15,10,90,39,6,33,15,15,5,5,15,15,10,10,15,69,25,12,11,10,10,12,86,10,10,86,79,78,33,88,92,91,87,10,11,20,11,51,10,25,73,82,Right,75," $11,750,000.00 "," $18,240,000.00 ",OT_PassProtector,Default Stride Awkward,10,77,314,3/21/1989,Iowa
Chargers,Sam Tevi,60,RT,25,62,79,67,62,79,37,6,10,6,6,6,12,10,86,21,6,30,10,13,5,5,18,24,10,20,14,66,35,12,12,20,16,12,82,27,27,78,68,70,38,62,66,65,78,10,15,6,16,53,10,29,71,89,Right,69," $3,830,000.00 "," $160,000.00 ",OT_Power,Default Stride Awkward,3,77,315,11/15/1994,Utah
Chargers,Storm Norton,55,RT,26,68,81,55,71,83,30,6,10,6,6,6,21,14,84,22,6,29,20,15,15,15,22,27,10,15,15,71,29,15,13,33,10,12,86,27,25,77,59,61,20,64,59,59,76,10,21,8,22,56,10,39,63,84,Right,74," $1,530,000.00 ", $-   ,OT_Agile,Default Stride Awkward,3,79,317,5/16/1994,Toledo
Chargers,Tyree St. Louis,53,RT,23,58,79,52,49,80,27,6,10,6,6,6,15,15,83,20,6,36,10,17,7,5,17,23,12,10,15,69,30,17,12,28,17,12,85,22,10,76,62,60,29,61,64,63,75,11,14,6,21,50,13,33,59,87,Right,73," $610,000.00 ", $-   ,OT_Power,Long Stride Awkward,1,77,315,8/5/1997,Miami
Chargers,Ryan Roberts,50,RT,23,64,73,49,55,79,21,6,16,6,6,6,22,21,86,30,6,18,15,18,15,15,31,36,10,10,28,66,22,15,12,30,16,12,88,29,10,74,59,60,24,61,60,61,78,10,12,27,18,50,10,17,61,90,Right,67," $2,290,000.00 ", $-   ,OT_Agile,Long Stride Awkward,0,78,300,10/3/1996,Florida State
Chargers,Derwin James Jr,89,SS,24,90,92,86,90,77,34,22,10,18,13,10,24,73,94,72,15,85,88,27,22,17,56,70,67,60,61,93,79,83,84,46,77,24,87,47,68,20,35,35,91,35,35,35,73,78,15,59,19,87,82,65,35,89,Left,33," $5,300,000.00 "," $7,090,000.00 ",S_RunSupport,Default Stride Loose,2,74,215,8/3/1996,Florida State
Chargers,Roderic Teamer Jr,68,SS,23,86,89,68,82,58,25,15,20,15,10,10,20,63,88,60,15,73,65,15,13,10,52,68,62,46,66,88,67,72,66,20,68,12,80,25,31,19,35,35,79,35,35,35,55,45,20,50,20,80,68,52,35,84,Right,36," $1,760,000.00 ", $-   ,S_Zone,Default Stride Loose,1,71,187,5/12/1997,Tulane
Chargers,Alohi Gilman,66,SS,22,86,85,69,90,63,26,6,10,6,6,6,30,67,88,58,6,76,66,36,31,27,52,62,64,48,60,78,68,64,65,48,71,18,92,57,43,16,35,35,74,35,35,35,60,45,17,48,19,87,58,60,35,90,Right,32," $2,823,204.00 "," $180,000.00 ",S_Hybrid,Default Stride Loose,0,71,201,9/17/1997,Notre Dame
Chargers,Hunter Henry,85,TE,25,83,88,87,80,75,28,10,10,15,10,6,74,78,90,75,6,43,22,79,75,71,84,89,54,17,86,82,42,21,14,77,69,15,93,66,17,58,71,70,27,58,59,61,73,18,19,55,21,71,17,46,67,84,Right,86," $10,610,000.00 ", $-   ,TE_Possession,Default,4,77,250,12/7/1994,Arkansas
Chargers,Virgil Green,71,TE,32,84,88,72,82,72,24,10,15,15,10,6,61,75,86,72,6,48,13,66,59,56,76,76,76,10,75,87,40,16,11,66,78,16,68,64,10,55,59,64,25,69,61,69,71,7,12,74,19,67,25,48,64,88,Right,88," $6,200,000.00 "," $2,400,000.00 ",TE_Possession,Short Stride High and Tight,9,77,255,8/3/1988,Nevada
Chargers,Stephen Anderson,64,TE,27,84,89,65,82,74,30,49,32,54,50,39,65,61,81,69,35,43,37,66,62,56,74,79,60,17,71,89,35,21,14,60,61,37,80,58,17,47,44,52,25,61,57,63,62,40,19,49,21,81,17,46,51,87,Right,82," $660,000.00 ", $-   ,TE_VerticalThreat,Short Stride High and Tight,4,75,230,1/30/1993,California
Chargers,Donald Parham,61,TE,23,84,83,66,76,71,30,10,10,15,10,6,59,65,88,68,6,38,22,62,55,51,72,78,66,17,75,91,38,21,14,64,72,17,87,62,17,43,51,55,33,49,53,56,58,18,19,61,21,70,17,32,49,86,Right,48," $1,390,000.00 ", $-   ,TE_VerticalThreat,Long Stride Loose,0,80,240,8/16/1997,Stetson
Chargers,Andrew Vollert,55,TE,25,85,87,47,85,61,26,10,10,15,10,6,58,67,79,71,6,30,18,59,54,50,72,78,57,15,83,78,28,21,14,56,65,14,81,53,10,38,40,50,15,50,50,49,52,18,13,45,17,80,17,27,35,87,Right,87," $1,080,000.00 ", $-   ,TE_VerticalThreat,Long Stride Default,2,77,245,3/15/1995,Weber State
Chargers,Cole Mazza,27,TE,25,65,81,53,66,66,30,10,10,15,10,6,31,30,84,61,6,60,32,31,27,21,53,51,25,10,47,64,57,25,10,30,30,16,87,45,10,47,45,52,50,45,53,49,60,25,11,25,14,63,18,57,50,88,Right,45," $1,760,000.00 ", $-   ,TE_Blocking,Default Stride Awkward,1,73,235,2/14/1995,Alabama
Chargers,Keenan Allen,91,WR,28,89,91,96,92,72,35,25,20,31,25,15,95,95,95,80,15,35,26,93,92,89,94,90,83,10,91,92,34,26,15,71,87,22,93,78,10,45,25,59,15,34,39,45,65,75,20,85,22,88,10,35,19,83,Right,13," $40,160,000.00 "," $10,670,000.00 ",WR_RouteRunner,Long Stride Loose,7,74,211,4/27/1992,California
Chargers,Mike Williams,81,WR,25,89,87,85,84,75,26,10,20,15,10,6,85,86,89,76,6,34,28,82,83,78,88,86,79,10,93,83,37,14,18,73,80,25,83,82,10,38,37,48,26,30,30,54,58,20,26,83,24,76,12,38,31,84,Right,81," $5,090,000.00 "," $30,440,000.00 ",WR_Physical,Long Stride Default,3,76,220,10/4/1994,Clemson
Chargers,Joe Reed,67,WR,22,90,89,66,87,67,45,41,32,43,37,38,61,85,82,74,30,44,18,71,68,64,79,83,77,10,79,89,41,21,17,53,84,43,82,62,10,30,29,49,38,25,27,35,48,83,12,76,18,83,17,42,31,89,Right,12," $2,975,309.00 "," $340,000.00 ",WR_Slot,Short Stride Default,0,73,224,1/4/1998,Virginia
Chargers,Darius Jennings,65,WR,28,90,93,73,85,61,38,32,24,32,27,21,56,78,80,72,15,37,20,63,65,68,75,78,75,10,73,86,27,25,13,28,80,22,72,31,10,20,30,49,12,11,10,30,40,79,22,73,24,84,18,27,25,90,Left,11," $780,000.00 ", $-   ,WR_DeepThreat,Short Stride Loose,4,70,180,6/28/1992,Virginia
Chargers,K.J. Hill,64,WR,22,86,89,62,86,64,23,11,17,15,10,6,67,79,85,73,6,28,14,72,69,66,75,82,70,10,76,79,22,15,10,41,76,26,88,65,10,27,33,40,14,19,20,38,41,75,20,75,20,89,10,23,24,92,Right,84," $2,739,826.00 "," $100,000.00 ",WR_Slot,Short Stride Default,0,72,196,9/15/1997,Ohio State
Chargers,Andre Patton,64,WR,26,88,89,61,90,58,21,10,19,15,10,6,68,74,80,68,6,35,20,71,68,67,75,79,72,10,77,85,33,26,15,61,75,22,80,60,10,29,20,38,12,27,25,35,49,79,22,72,20,82,10,52,12,84,Right,16," $590,000.00 ", $-   ,WR_DeepThreat,Long Stride Loose,3,74,200,5/28/1994,Rutgers
Chargers,Jason Moore,63,WR,25,87,89,56,91,69,47,30,31,36,32,27,67,75,80,71,26,45,34,69,66,62,77,81,71,11,82,81,37,37,33,55,74,29,82,53,11,29,26,51,40,19,21,42,50,60,22,75,23,86,30,41,20,87,Right,89," $590,000.00 ", $-   ,WR_Physical,Long Stride Default,1,75,213,6/23/1995,Findlay
Chargers,Jalen Guyton,63,WR,23,93,90,47,87,61,28,19,17,20,18,13,67,75,80,73,17,31,18,62,64,68,77,78,71,10,79,87,28,23,18,39,76,23,79,62,10,25,28,46,22,17,20,37,47,57,20,68,20,88,15,29,22,88,Right,15," $590,000.00 ", $-   ,WR_DeepThreat,Default Stride Loose,1,73,212,6/7/1997,North Texas

