﻿Team,Full Name,Overall Rating,Position,Age,Speed,Acceleration,Awareness,Agility,Strength,Throw Power,Throw On The Run,Throw Under Pressure,Throw Accuracy Short,Throw Accuracy Mid,Throw Accuracy Deep,Release,Ball Carrier Vision,Stamina,Carrying,Play Action,Pursuit,Play Recognition,Short Route Running,Medium Route Running,Deep Route Running,Catch In Traffic,Catching,Spin Move,Finesse Moves,Spectacular Catch,Jumping,Tackle,Zone Coverage,Man Coverage,Trucking,Juke Move,Break Sack,Toughness,Stiff Arm,Power Moves,Lead Blocking,Run Block Power,Run Blocking,Hit Power,Pass Block Finesse,Pass Block Power,Pass Blocking,Impact Blocking,Kick Return,Kick Accuracy,Break Tackle,Kick Power,Change Of Direction,Press,Block Shedding,Run Block Finesse,Injury,Player Handedness,Jersey Number, Total Salary , Signing Bonus ,Archetype,Running Style,Years Pro,Height,Weight,Birthdate,College
Redskins,Chase Roullier,75,C,27,59,73,85,67,85,15,6,14,6,6,6,15,18,81,22,6,29,14,10,5,5,15,27,12,12,15,67,31,24,17,36,18,12,89,34,18,82,79,78,38,75,79,77,80,10,22,12,21,55,12,24,75,93,Right,73," $3,830,000.00 "," $120,000.00 ",C_Power,Default Stride Awkward,3,76,310,8/23/1993,Wyoming
Redskins,Ross Pierschbacher,62,C,25,66,77,70,65,80,25,6,10,6,6,6,15,15,83,23,6,27,10,15,5,5,15,26,10,10,15,60,32,12,12,29,10,12,82,10,10,82,67,69,26,69,66,68,79,10,11,6,11,50,10,33,70,86,Right,64," $2,540,000.00 "," $290,000.00 ",C_Agile,Default Stride Awkward,1,76,315,6/5/1995,Alabama
Redskins,Keith Ismael,61,C,22,61,78,73,54,83,33,6,10,6,6,6,25,12,84,20,6,29,24,20,10,6,20,26,10,10,25,78,35,13,10,22,13,12,90,10,10,82,64,66,20,68,63,67,82,10,12,9,14,59,10,16,67,85,Right,60," $2,954,834.00 "," $310,000.00 ",C_Agile,Default Stride Awkward,0,75,309,7/25/1998,San Diego St.
Redskins,Nick Sundberg,49,C,33,68,70,64,67,69,37,6,14,6,6,6,12,10,75,32,6,46,25,10,5,5,10,40,10,10,12,50,49,12,14,10,10,12,70,10,10,75,60,60,45,57,56,61,77,10,21,13,15,50,10,22,60,85,Right,57," $3,000,000.00 "," $450,000.00 ",C_Power,Default,10,72,254,7/29/1987,California
Redskins,Ronald Darby,79,CB,26,92,91,81,88,70,26,6,14,6,6,6,15,63,92,60,6,72,82,20,10,10,34,78,75,35,66,92,58,75,77,23,76,17,59,24,24,14,35,35,47,35,35,35,54,50,18,57,19,88,80,54,35,87,Right,35," $1,810,000.00 "," $1,000,000.00 ",CB_MantoMan,Default Stride Bread Loaf,5,71,193,1/2/1994,Florida State
Redskins,Fabian Moreau,74,CB,26,94,93,69,88,71,25,6,14,6,6,6,22,68,93,59,6,63,70,28,18,11,61,68,68,38,61,90,61,74,72,29,72,13,77,37,31,16,35,35,67,35,35,35,46,40,16,53,15,87,77,47,35,85,Right,25," $3,890,000.00 "," $810,000.00 ",CB_Zone,Short Stride Loose,3,72,204,4/9/1994,UCLA
Redskins,Greg Stroman,70,CB,24,90,90,71,83,55,24,6,10,6,6,6,32,71,91,67,6,66,73,50,44,40,60,72,68,32,61,82,46,74,70,23,76,17,74,26,23,14,35,35,54,35,35,35,44,84,34,56,39,81,72,39,35,87,Right,37," $1,530,000.00 "," $40,000.00 ",CB_Zone,Default Stride Loose,2,71,180,3/8/1996,Virginia Tech
Redskins,Jimmy Moreland,70,CB,25,90,91,67,89,50,43,33,22,32,26,22,25,67,90,62,18,72,70,39,34,31,60,71,68,46,66,92,58,68,70,32,73,24,83,43,39,17,35,25,61,35,35,25,47,65,17,59,22,88,71,56,35,88,Right,32," $2,540,000.00 "," $80,000.00 ",CB_Slot,Short Stride Loose,1,70,182,8/26/1995,J. Madison
Redskins,Simeon Thomas,63,CB,26,90,90,50,85,68,30,6,17,6,6,6,10,61,92,60,6,65,52,17,12,5,46,60,65,45,60,92,55,62,68,36,72,15,85,42,32,18,35,35,58,35,35,35,55,32,13,63,18,82,75,48,35,90,Right,38," $590,000.00 ", $-   ,CB_MantoMan,Long Stride Loose,2,75,197,9/22/1993,UL Lafayette
Redskins,Danny Johnson,62,CB,24,91,91,51,81,55,25,6,12,6,6,6,31,75,90,61,6,77,55,32,20,13,52,68,72,35,64,84,45,64,68,27,82,12,81,36,26,15,35,35,48,35,35,35,46,83,12,53,16,82,66,43,35,88,Right,41," $1,700,000.00 "," $10,000.00 ",CB_MantoMan,Default Stride Loose,2,69,190,11/17/1995,Southern
Redskins,Matthew Ioannidis,86,DT,26,71,81,88,71,98,23,6,13,6,6,6,15,19,79,41,6,84,85,13,6,3,14,31,17,82,16,77,84,29,21,32,18,12,90,25,89,18,45,45,78,45,44,45,78,9,17,10,17,58,13,72,45,87,Right,98," $13,250,000.00 "," $10,530,000.00 ",DT_PowerRusher,Default Stride Loose,4,75,310,1/11/1994,Temple
Redskins,Da'Ron Payne,83,DT,23,76,86,82,65,95,26,6,17,6,6,6,25,37,74,46,6,83,85,15,7,3,23,44,23,56,20,71,83,29,23,43,27,12,92,39,79,34,45,45,77,45,45,45,87,10,14,32,17,57,13,82,45,95,Right,94," $5,860,000.00 "," $8,560,000.00 ",DT_RunStopper,Long Stride Loose,2,75,319,5/27/1997,Alabama
Redskins,Jonathan Allen,82,DT,25,72,83,86,72,91,21,6,17,6,6,6,12,25,75,40,6,85,88,10,3,2,25,35,30,70,30,74,82,29,24,28,28,12,82,34,83,18,45,45,80,45,45,45,88,10,8,10,9,54,16,81,45,85,Right,93," $5,530,000.00 "," $14,320,000.00 ",DT_PowerRusher,Long Stride Default,3,75,300,1/16/1995,Alabama
Redskins,Caleb Brantley,66,DT,25,69,82,60,63,89,28,6,10,6,6,6,16,30,71,34,6,79,57,20,12,8,31,37,23,58,35,68,80,30,22,37,35,12,80,36,68,36,45,45,81,45,45,45,86,10,11,17,19,53,13,67,45,88,Right,96," $750,000.00 ", $-   ,DT_RunStopper,Long Stride Loose,3,74,307,9/2/1994,Florida
Redskins,Tim Settle,65,DT,23,66,79,61,59,88,16,6,15,6,6,6,15,23,71,27,6,80,65,15,7,3,15,26,14,67,15,65,75,27,18,39,25,12,87,33,71,33,45,45,79,45,45,45,87,10,15,16,15,53,14,68,45,89,Right,97," $2,460,000.00 "," $280,000.00 ",DT_RunStopper,Long Stride Awkward,2,75,308,7/11/1997,Virginia Tech
Redskins,Kendall Fuller,86,FS,25,90,92,85,90,67,27,6,12,6,6,6,27,70,88,63,6,80,90,26,16,11,61,69,63,37,64,87,69,84,86,28,78,17,80,29,30,10,33,17,58,34,33,10,50,60,17,57,18,91,79,61,34,84,Right,23," $27,000,000.00 "," $13,010,000.00 ",S_Hybrid,Short Stride High and Tight,4,71,198,2/13/1995,Virginia Tech
Redskins,Troy Apke,69,FS,25,94,95,56,94,59,30,10,17,10,10,10,30,69,86,63,10,68,54,39,33,25,51,64,58,47,65,94,66,74,70,50,68,15,85,49,39,18,35,35,76,35,35,35,66,45,12,43,16,85,72,58,35,92,Right,30," $2,460,000.00 "," $720,000.00 ",S_Hybrid,Default Stride Loose,2,73,205,4/11/1995,Penn State
Redskins,Jeremy Reaves,55,FS,24,84,88,46,76,60,28,6,16,6,6,6,15,66,89,64,6,73,50,15,13,10,47,58,70,41,60,76,64,66,61,41,74,10,84,37,33,11,35,35,85,35,35,35,55,35,13,49,16,75,72,50,35,85,Right,39," $590,000.00 ", $-   ,S_RunSupport,Default Stride Loose,2,71,205,8/29/1996,South Alabama
Redskins,Derrius Guice,81,HB,23,90,91,72,93,81,28,18,18,25,20,15,49,84,86,92,15,37,19,51,45,38,53,61,81,10,46,77,35,12,12,91,85,29,86,87,12,45,32,43,33,46,49,61,47,79,16,86,22,81,15,32,28,85,Right,29," $3,160,000.00 "," $1,380,000.00 ",HB_PowerBack,Short Stride High and Tight,2,71,225,6/21/1997,LSU
Redskins,Adrian Peterson,78,HB,35,89,89,85,88,79,35,15,17,35,30,20,59,83,86,86,15,40,28,63,56,48,55,62,77,10,44,87,42,12,12,86,85,22,94,85,10,31,22,43,15,25,31,47,29,45,26,84,25,81,15,35,22,80,Right,26," $3,280,000.00 "," $1,500,000.00 ",HB_PowerBack,Default,13,73,220,3/21/1985,Oklahoma
Redskins,J.D. McKissic,76,HB,27,88,90,74,91,69,27,10,17,15,10,10,63,78,88,85,10,45,47,80,73,64,72,74,81,10,74,87,27,16,11,57,85,20,79,64,10,32,28,40,15,21,26,44,30,82,25,78,25,85,15,45,25,87,Right,41," $1,750,000.00 "," $1,500,000.00 ",HB_ReceivingBack,Short Stride Loose,4,70,195,8/15/1993,Arkansas St.
Redskins,Peyton Barber,74,HB,26,87,91,80,85,74,31,10,17,25,20,15,58,80,85,90,10,38,20,56,49,41,60,65,76,12,58,78,33,19,14,84,81,24,81,75,11,42,34,57,21,26,31,56,40,55,20,82,21,80,16,26,33,88,Right,25," $2,400,000.00 "," $600,000.00 ",HB_ElusiveBack,Default,4,71,225,6/27/1994,Auburn
Redskins,Bryce Love,71,HB,23,92,91,63,89,65,27,16,12,23,19,14,54,75,82,86,13,32,17,63,57,46,62,67,77,10,59,81,28,14,13,60,84,26,81,72,10,33,15,27,19,28,28,52,36,76,12,75,15,84,10,21,17,80,Right,35," $2,540,000.00 "," $720,000.00 ",HB_ElusiveBack,Short Stride Loose,1,69,205,7/8/1997,Stanford
Redskins,Antonio Gibson,69,HB,22,91,91,62,87,64,43,38,30,39,34,29,70,76,83,85,30,46,31,73,68,64,74,73,73,29,77,88,43,34,23,72,77,32,84,74,21,30,26,43,43,28,28,45,36,81,14,78,18,87,29,38,22,90,Right,24," $4,905,731.00 "," $1,140,000.00 ",HB_ReceivingBack,Long Stride Default,0,72,228,6/23/1998,Memphis
Redskins,Dustin Hopkins,73,K,29,76,81,58,65,61,45,20,14,35,30,25,12,10,88,40,20,25,15,10,10,10,10,35,10,10,12,73,28,20,10,10,10,15,65,10,10,15,15,20,15,15,15,20,15,10,81,5,94,53,10,10,15,87,Right,3," $6,380,000.00 "," $1,200,000.00 ",KP_Power,Default Stride Awkward,7,74,203,10/1/1990,Florida State
Redskins,Ryan Kerrigan,84,LE,32,79,85,88,79,87,37,6,13,6,6,6,15,10,88,45,6,84,86,15,5,5,15,62,10,81,15,75,83,55,45,25,10,12,85,10,88,28,45,45,87,45,45,45,88,10,30,10,35,65,20,80,45,98,Right,91," $48,540,000.00 "," $16,000,000.00 ",DE_PowerRusher,Long Stride Loose,9,76,265,8/16/1988,Purdue
Redskins,Ryan Anderson,71,LE,26,81,84,69,77,82,24,6,14,6,6,6,15,48,83,55,6,78,66,20,10,6,47,58,41,64,44,71,84,65,56,43,42,12,87,54,72,42,54,56,83,45,45,45,75,10,15,23,16,66,44,63,50,89,Right,52," $3,320,000.00 "," $2,000,000.00 ",DE_PowerRusher,Long Stride Loose,3,74,253,8/12/1994,Alabama
Redskins,Cameron Malveaux,64,LE,25,80,84,57,72,77,28,6,10,6,6,6,20,44,75,29,6,73,57,17,10,6,30,38,31,63,26,89,76,41,33,33,39,12,74,37,72,14,45,45,79,45,45,45,74,10,15,17,15,62,28,73,45,86,Right,59," $660,000.00 ", $-   ,DE_PowerRusher,Long Stride Loose,4,77,265,9/22/1994,Houston
Redskins,Jordan Brailford,63,LE,24,84,88,60,70,76,26,6,13,6,6,6,17,44,79,46,6,75,58,21,11,7,42,47,37,66,38,89,69,50,43,43,47,12,86,34,63,17,45,45,84,45,45,45,74,15,20,32,24,67,24,70,45,80,Right,95," $2,540,000.00 "," $50,000.00 ",DE_SmallerSpeedRusher,Default Stride Loose,1,75,250,10/9/1995,Oklahoma St.
Redskins,Wes Schweitzer,65,LG,26,67,81,79,59,81,25,6,12,6,6,6,12,16,82,25,6,25,10,10,5,5,10,12,12,10,12,69,32,12,12,21,16,12,92,18,10,78,67,71,32,66,70,69,77,10,21,9,18,54,10,29,74,89,Right,71," $9,500,000.00 "," $4,000,000.00 ",G_Agile,Default Stride Awkward,4,76,300,9/11/1993,San Jose St.
Redskins,Shaun Dion Hamilton,72,LOLB,24,81,85,69,80,78,25,6,10,6,6,6,12,29,89,47,6,81,72,15,5,5,33,56,24,52,38,78,81,64,57,31,32,12,78,23,60,28,45,45,88,45,45,45,82,10,20,23,20,72,31,71,45,78,Right,51," $2,460,000.00 "," $160,000.00 ",OLB_RunStopper,Default Stride Loose,2,72,232,9/11/1995,Alabama
Redskins,Cole Holcomb,72,LOLB,24,87,88,66,89,72,27,6,12,6,6,6,30,46,87,60,6,83,69,30,25,21,45,60,26,46,47,80,80,63,57,32,33,12,85,23,54,20,45,45,76,45,45,45,70,10,35,41,18,76,50,72,45,91,Right,55," $2,540,000.00 "," $200,000.00 ",OLB_RunStopper,Default Stride Loose,1,73,240,6/30/1996,North Carolina
Redskins,Geron Christian Sr,65,LT,23,63,77,71,69,82,16,5,10,5,5,5,15,13,87,24,5,34,13,20,15,10,20,29,10,18,19,72,36,12,12,10,10,12,86,10,12,78,66,72,33,70,63,68,77,10,12,13,18,45,10,31,75,90,Right,74," $2,780,000.00 "," $960,000.00 ",OT_Agile,Long Stride Loose,2,77,315,9/10/1996,Louisville
Redskins,Saahdiq Charles,62,LT,21,71,75,70,72,83,17,6,14,6,6,6,12,12,82,26,6,33,35,10,8,5,16,20,10,26,14,68,35,12,12,30,15,12,86,20,22,85,63,65,30,68,65,67,82,11,12,11,15,56,10,30,66,85,Right,77," $3,434,372.00 "," $790,000.00 ",OT_Agile,Long Stride Awkward,0,76,321,7/26/1999,LSU
Redskins,Cornelius Lucas III,59,LT,29,61,71,78,66,80,33,6,10,6,6,6,15,10,76,40,6,21,10,15,5,5,15,27,10,10,15,65,26,12,12,25,10,12,60,10,10,77,64,62,20,62,66,63,76,10,11,5,21,45,10,25,61,92,Right,78," $2,300,000.00 "," $1,500,000.00 ",OT_Power,Default Stride Awkward,6,80,327,7/18/1991,Kansas State
Redskins,Paul Adams,53,LT,25,66,78,52,62,77,24,6,12,6,6,6,15,10,87,26,6,26,31,15,5,5,15,30,10,20,15,68,41,15,12,25,10,12,89,24,24,80,61,63,31,62,59,61,77,10,25,6,25,49,10,23,64,86,Right,79," $1,110,000.00 ", $-   ,OT_Agile,Long Stride Loose,2,78,317,5/17/1995,Missouri
Redskins,Reuben Foster,75,MLB,26,86,89,74,84,84,24,6,10,6,6,6,25,25,88,55,6,83,73,10,6,5,23,66,34,57,29,81,81,71,63,42,40,12,89,35,66,24,45,45,89,45,45,45,87,10,22,17,14,74,52,75,45,77,Right,56," $3,859,248.00 ", $-   ,MLB_RunStopper,Default Stride Loose,3,73,228,4/4/1994,Alabama
Redskins,Jon Bostic,69,MLB,29,84,88,65,79,72,30,6,17,6,6,6,15,35,90,64,6,85,67,15,5,5,49,68,41,61,47,79,86,52,45,44,35,12,83,50,49,20,45,45,82,45,45,45,80,10,22,16,20,71,55,77,45,85,Right,53," $3,040,000.00 "," $1,960,000.00 ",MLB_RunStopper,Long Stride Awkward,7,73,245,5/5/1991,Florida
Redskins,Kevin Pierre-Louis,69,MLB,28,86,87,78,86,80,25,6,10,6,6,6,25,52,87,60,6,81,76,15,5,5,40,64,50,58,45,88,82,60,50,54,61,12,65,35,64,13,45,45,73,45,45,45,73,10,20,29,20,76,40,59,45,85,Right,48," $1,460,000.00 "," $1,500,000.00 ",MLB_RunStopper,Default Stride Awkward,6,72,231,10/7/1991,Boston College
Redskins,Jared Norris,61,MLB,27,81,87,58,83,75,18,6,10,6,6,6,20,22,89,35,6,74,55,15,5,5,15,52,10,63,43,76,78,67,61,50,55,12,81,28,60,17,45,45,72,45,45,45,77,10,29,20,22,74,56,58,45,90,Right,50," $740,000.00 ", $-   ,MLB_PassCoverage,Long Stride Awkward,4,73,240,7/19/1993,Utah
Redskins,Tress Way,83,P,30,74,81,70,65,44,54,28,34,54,50,47,12,10,82,51,30,10,19,10,10,10,10,45,10,10,12,69,29,27,13,10,10,17,65,10,10,14,14,14,12,11,11,11,14,10,90,10,96,53,10,10,14,92,Left,5," $14,010,000.00 "," $3,500,000.00 ",KP_Power,Default Stride Awkward,7,73,220,4/18/1990,Oklahoma
Redskins,Dwayne Haskins Jr,70,QB,23,76,83,70,83,70,89,78,78,84,79,79,13,73,81,65,80,36,18,15,14,12,18,23,37,10,14,71,38,12,10,37,67,78,81,29,10,13,19,17,35,13,16,18,29,10,16,42,22,76,10,27,18,91,Right,7," $2,000,000.00 "," $12,420,000.00 ",QB_StrongArm,Long Stride Default,1,75,230,5/3/1997,Ohio State
Redskins,Alex Smith,68,QB,36,75,81,71,77,60,83,77,78,89,79,77,15,77,75,61,79,35,31,15,14,12,15,30,58,10,15,63,25,24,10,33,64,77,89,35,10,10,10,15,12,15,15,20,20,10,12,61,15,61,10,25,10,79,Right,11," $83,500,000.00 "," $27,500,000.00 ",QB_FieldGeneral,Default,15,76,217,5/7/1984,Utah
Redskins,Kyle Allen,65,QB,24,82,85,70,75,53,85,75,76,83,80,75,19,52,71,56,74,28,21,18,17,15,20,24,73,9,20,71,28,18,12,27,54,60,84,42,9,12,10,16,11,18,14,17,22,11,15,33,18,79,9,21,10,89,Right,8," $680,000.00 ", $-   ,QB_FieldGeneral,Default Stride Loose,2,75,210,3/8/1996,Houston
Redskins,Chase Young,80,RE,21,85,91,74,86,86,32,33,23,28,25,20,17,36,80,43,15,84,71,14,10,5,25,33,36,80,24,83,83,48,34,34,38,27,89,39,73,17,45,45,84,45,45,45,85,10,22,23,14,70,27,75,45,89,Right,99," $34,563,594.00 "," $22,690,000.00 ",DE_SmallerSpeedRusher,Long Stride Loose,0,77,264,1/1/1999,Ohio State
Redskins,Montez Sweat,76,RE,23,91,93,67,82,80,22,6,10,6,6,6,39,48,77,53,6,82,69,40,36,33,44,52,41,77,41,86,79,44,33,51,47,12,88,39,70,16,45,45,80,45,45,45,81,10,16,31,14,71,19,74,45,85,Right,90," $2,000,000.00 "," $9,640,000.00 ",DE_SmallerSpeedRusher,Long Stride Loose,1,78,260,9/4/1996,Mississippi St.
Redskins,Nate Orchard,68,RE,27,78,85,71,74,77,36,6,15,6,6,6,25,25,84,63,6,78,69,15,8,4,15,66,45,78,20,81,67,57,50,35,34,12,83,29,60,10,45,45,73,45,45,45,71,10,24,19,25,67,24,73,45,90,Right,54," $750,000.00 "," $140,000.00 ",DE_SmallerSpeedRusher,Default Stride Awkward,4,75,255,1/5/1993,Utah
Redskins,James Smith-Williams,63,RE,23,85,88,54,72,83,20,6,14,6,6,6,13,27,73,35,6,75,56,10,7,5,16,35,23,56,18,78,77,27,19,37,27,12,77,31,63,11,45,45,75,45,45,45,81,10,15,17,19,63,17,62,45,82,Right,72," $2,732,701.00 "," $90,000.00 ",DE_PowerRusher,Long Stride Loose,0,76,265,7/30/1997,N.C. State
Redskins,Brandon Scherff,87,RG,28,73,82,87,72,92,30,6,13,6,6,6,15,10,88,40,6,22,18,15,5,5,15,35,10,10,15,78,32,15,10,25,10,12,94,30,10,92,85,87,25,84,86,85,89,10,25,9,25,60,10,26,90,85,Right,75," $15,030,000.00 ", $-   ,G_Power,Default Stride Awkward,5,77,315,12/26/1991,Iowa
Redskins,Wes Martin,65,RG,24,59,77,68,66,92,25,6,10,6,6,6,15,10,80,30,6,30,25,15,5,5,15,26,10,16,15,71,39,15,12,25,10,12,83,30,21,75,69,67,26,65,68,67,80,10,14,5,17,53,10,20,64,88,Right,67," $2,540,000.00 "," $630,000.00 ",G_Power,Default Stride Awkward,1,75,311,5/9/1996,Indiana
Redskins,Jeremy Vujnovich,60,RG,29,74,81,71,65,90,30,6,10,6,6,6,15,10,76,22,6,25,15,16,6,5,14,35,10,10,12,69,35,10,10,25,10,12,74,15,10,76,64,62,22,58,59,59,75,10,20,5,21,52,10,20,61,86,Right,68," $830,000.00 ", $-   ,G_Power,Default Stride Awkward,6,77,300,10/12/1990,Louisiana College
Redskins,Thomas Davis Sr,78,ROLB,37,82,83,86,83,72,17,6,13,6,6,6,25,35,94,65,6,85,84,15,8,5,30,72,48,54,64,84,88,69,62,45,62,12,99,49,62,27,45,45,91,45,45,45,90,10,20,32,21,73,55,72,45,82,Right,58," $1,750,000.00 "," $1,750,000.00 ",OLB_PassCoverage,Default Stride Awkward,15,73,235,3/22/1983,Georgia
Redskins,Khaleke Hudson,66,ROLB,22,87,89,64,84,68,25,6,10,6,6,6,23,63,90,60,6,80,62,34,24,16,51,60,60,58,56,80,76,65,62,60,68,12,92,58,48,13,44,45,84,43,44,45,66,10,19,46,19,78,62,63,44,89,Right,47," $2,947,597.00 "," $310,000.00 ",OLB_PassCoverage,Short Stride Loose,0,71,224,12/6/1997,Michigan
Redskins,Josh Harvey-Clemons,65,ROLB,26,81,86,68,81,69,30,15,13,15,10,10,20,58,89,61,15,76,65,24,14,6,56,67,59,64,52,80,79,59,50,43,66,12,74,43,54,16,45,45,82,45,45,45,66,35,19,46,15,69,64,61,45,88,Right,40," $2,420,000.00 "," $80,000.00 ",OLB_SpeedRusher,Default,3,76,245,2/20/1994,Louisville
Redskins,Morgan Moses,75,RT,29,59,70,87,57,89,30,6,15,6,6,6,15,10,84,45,6,28,15,15,5,5,15,35,10,10,15,66,30,15,12,20,10,12,93,30,10,81,74,77,20,79,77,78,83,10,25,6,25,47,10,20,78,89,Left,76," $32,300,000.00 "," $9,670,000.00 ",OT_Agile,Default Stride Awkward,6,78,330,3/3/1991,Virginia
Redskins,Timon Parris,52,RT,24,63,73,50,42,84,35,6,14,6,6,6,15,10,88,41,6,39,10,21,15,5,24,36,10,10,22,64,35,12,12,10,10,12,85,10,10,72,57,60,20,60,58,58,73,11,11,11,15,34,10,40,65,82,Right,61," $590,000.00 ", $-   ,OT_Agile,Default Stride Awkward,2,78,315,9/11/1995,Stony Brook
Redskins,Landon Collins,81,SS,26,88,90,78,82,75,30,6,17,6,6,6,20,76,89,66,6,87,82,10,10,10,54,72,52,60,60,85,77,74,70,65,80,29,88,57,45,25,35,35,93,35,35,35,69,35,17,59,18,78,76,63,35,87,Right,20," $57,800,000.00 "," $26,200,000.00 ",S_RunSupport,Default Stride Loose,5,72,218,1/10/1994,Alabama
Redskins,Sean Davis,72,SS,26,90,90,75,91,75,27,15,18,15,10,10,27,64,90,74,15,62,73,26,16,11,46,70,62,45,63,87,65,71,66,40,73,20,85,29,37,22,33,19,85,34,33,25,62,56,17,50,18,82,61,42,34,90,Right,36," $1,530,000.00 "," $2,000,000.00 ",S_Zone,Default Stride Loose,4,73,202,10/23/1993,Maryland
Redskins,Deshazor Everett,65,SS,28,86,88,74,85,67,29,6,10,6,6,6,32,66,88,57,6,66,70,28,18,13,50,62,60,38,60,90,63,61,54,32,71,19,75,33,31,19,35,35,69,35,35,35,64,50,17,49,14,82,70,45,35,88,Right,22," $5,610,000.00 "," $1,880,000.00 ",S_Zone,Short Stride Loose,5,72,203,2/22/1992,Texas AM
Redskins,Kamren Curl,63,SS,21,86,89,62,83,68,20,10,10,10,10,10,30,63,88,55,10,76,59,38,31,27,52,63,58,53,60,83,64,64,63,34,69,10,84,36,44,12,35,35,77,35,35,35,57,59,17,51,22,81,64,56,35,90,Right,31," $2,748,327.00 "," $110,000.00 ",S_Hybrid,Short Stride Loose,0,73,206,3/31/1999,Arkansas
Redskins,Richard Rodgers,65,TE,28,77,84,60,79,65,29,10,12,15,10,6,72,71,82,78,6,42,16,67,61,56,78,79,73,10,79,78,44,17,15,66,74,12,66,66,10,46,52,58,12,56,59,60,61,10,19,61,22,65,10,44,58,87,Right,86," $890,000.00 ", $-   ,TE_VerticalThreat,Long Stride High and Tight,6,76,257,1/22/1992,California
Redskins,Jeremy Sprinkle,65,TE,26,84,89,69,80,71,26,10,10,15,10,6,62,72,83,75,6,36,13,65,59,54,73,77,59,10,79,75,30,18,10,63,68,12,79,70,10,54,47,51,37,55,58,59,69,7,12,67,19,67,22,27,51,89,Right,87," $3,830,000.00 "," $240,000.00 ",TE_VerticalThreat,Long Stride High and Tight,3,77,252,8/10/1994,Arkansas
Redskins,Logan Thomas,64,TE,29,83,88,70,81,74,86,77,49,68,62,59,57,73,82,64,55,35,15,63,60,57,67,75,78,10,71,85,39,25,19,71,77,52,94,69,10,52,51,57,12,50,54,54,74,25,20,69,25,77,10,26,57,88,Right,82," $3,890,000.00 "," $2,260,000.00 ",TE_VerticalThreat,Default,6,78,250,7/1/1991,Virginia Tech
Redskins,Hale Hentges,62,TE,24,77,82,65,75,73,30,15,16,20,17,12,57,64,81,68,12,35,26,59,53,50,73,74,54,25,68,81,34,21,14,69,62,12,87,62,20,68,64,66,30,56,59,61,64,26,19,58,21,67,17,29,59,87,Right,88," $1,760,000.00 ", $-   ,TE_Possession,Long Stride Loose,1,76,245,8/19/1996,Alabama
Redskins,Thaddeus Moss,62,TE,22,81,85,56,74,75,35,10,12,15,10,6,62,68,79,69,6,48,26,59,53,49,76,80,54,21,77,77,35,27,23,65,63,19,81,68,27,59,59,61,42,52,57,59,65,28,17,57,19,66,19,47,56,85,Right,46," $2,290,000.00 "," $20,000.00 ",TE_Possession,Short Stride High and Tight,0,74,250,5/14/1998,LSU
Redskins,Caleb Wilson,60,TE,24,86,86,53,79,66,41,31,25,38,34,29,61,67,83,64,23,27,21,62,60,58,74,75,64,11,77,72,31,18,14,58,69,28,82,67,11,48,47,54,15,49,47,53,60,55,38,65,44,73,16,28,52,86,Right,45," $590,000.00 ", $-   ,TE_VerticalThreat,Long Stride Default,1,76,240,7/15/1996,UCLA
Redskins,Terry McLaurin,82,WR,23,94,92,85,86,67,32,10,18,15,10,6,87,81,87,77,6,46,19,85,85,83,83,86,76,11,86,87,41,24,16,50,81,22,92,55,11,22,23,43,34,11,15,37,45,40,14,76,16,86,16,41,18,91,Right,17," $2,840,000.00 "," $1,000,000.00 ",WR_DeepThreat,Short Stride Default,1,72,208,9/15/1996,Ohio State
Redskins,Cody Latimer,74,WR,27,89,90,79,87,73,32,10,17,15,10,6,80,70,83,72,6,35,26,70,73,68,86,80,70,10,86,92,35,24,18,68,74,22,83,65,10,39,28,49,15,35,39,51,59,79,19,60,19,78,25,42,22,81,Right,12," $750,000.00 "," $140,000.00 ",WR_Physical,Default Stride Loose,6,75,222,10/10/1992,Indiana
Redskins,Trey Quinn,72,WR,24,87,91,72,85,60,55,26,27,37,30,21,69,77,82,76,23,35,20,76,77,72,81,86,71,10,76,81,27,25,15,44,76,27,83,71,10,22,33,54,12,22,20,29,48,68,14,74,18,85,15,35,28,87,Right,18," $2,460,000.00 "," $80,000.00 ",WR_Slot,Default Stride Loose,2,72,203,12/7/1995,SMU
Redskins,Steven Sims,72,WR,23,91,93,75,84,53,34,24,19,28,23,15,67,79,83,74,13,33,18,78,77,74,78,80,72,10,81,77,24,25,13,40,80,22,84,40,10,24,22,47,26,17,10,40,46,80,16,72,17,82,18,27,14,89,Right,15," $1,740,000.00 "," $20,000.00 ",WR_Slot,Default Stride Loose,1,70,176,3/31/1997,Kansas
Redskins,Kelvin Harmon,71,WR,23,87,89,74,81,72,33,32,25,26,22,15,76,81,86,79,19,47,33,76,74,72,81,86,71,11,84,82,43,33,24,63,75,22,90,67,11,30,35,52,34,18,22,41,48,40,27,75,29,79,16,43,26,92,Right,13," $2,540,000.00 "," $120,000.00 ",WR_Physical,Default,1,74,215,12/15/1996,N.C. State
Redskins,Antonio Gandy-Golden,69,WR,22,86,88,66,80,70,30,10,12,15,10,5,74,79,85,77,10,35,14,73,72,70,80,82,76,10,83,88,32,19,12,65,78,22,89,68,10,30,28,44,36,19,20,35,47,40,12,78,17,82,22,35,24,91,Left,10," $3,129,400.00 "," $490,000.00 ",WR_Physical,Long Stride Default,0,76,223,4/11/1998,Liberty
Redskins,Emanuel Hall,67,WR,23,93,94,54,86,63,28,10,19,15,10,6,69,79,80,74,6,33,18,74,71,73,76,79,73,10,81,95,24,28,22,39,77,22,78,51,10,24,18,39,21,17,22,33,43,55,13,71,18,77,23,25,11,84,Right,80," $1,110,000.00 ", $-   ,WR_DeepThreat,Long Stride Default,1,75,195,5/21/1997,Missouri
Redskins,Cam Sims,65,WR,24,87,89,61,82,60,23,10,19,15,10,6,66,76,77,67,6,28,25,74,72,69,78,81,68,10,83,82,32,25,15,51,75,22,85,53,10,23,22,48,22,20,20,45,45,40,19,72,15,74,17,35,16,86,Right,89," $590,000.00 ", $-   ,WR_Slot,Long Stride Loose,2,77,214,1/6/1996,Alabama

